benchmark,system,setting,instance,N,status,time,timeout,memout,error,models,clingo_total,grounding,solving,mem,choices,conflicts,restarts,rules,variables,atoms,constraints,decide_calls,lazy_active,avg_candidates_per_decide,max_candidates_seen,total_candidates_seen,total_decide_time_ms,total_prolog_query_time_ms,total_candidate_scan_time_ms,total_candidate_selection_time_ms,total_literal_lookup_time_ms,total_state_sync_time_ms,par2
BSP,clingo-native,ga,bsp-0010,10,SATISFIABLE,0.03,0,0,0,1.0,0.007,0.007,0.0,0.0,10.0,0.0,0.0,4780.0,242.0,636.0,3508.0,,,,,,,,,,,,0.03
BSP,clingo-native,ga,bsp-0020,20,SATISFIABLE,0.09,0,0,0,1.0,0.065,0.065,0.0,0.0,20.0,0.0,0.0,54815.0,882.0,2371.0,45768.0,,,,,,,,,,,,0.09
BSP,clingo-native,ga,bsp-0030,30,SATISFIABLE,0.45,0,0,0,1.0,0.426,0.426,0.0,40.0,30.0,0.0,0.0,249100.0,1922.0,5206.0,219778.0,,,,,,,,,,,,0.45
BSP,clingo-native,ga,bsp-0040,40,SATISFIABLE,1.6,0,0,0,1.0,1.567,1.567,0.0,101.0,40.0,0.0,0.0,746635.0,3362.0,9141.0,678538.0,,,,,,,,,,,,1.6
BSP,clingo-native,ga,bsp-0050,50,SATISFIABLE,3.92,0,0,0,1.0,3.88,3.88,0.0,232.0,50.0,0.0,0.0,1766420.0,5202.0,14176.0,1635048.0,,,,,,,,,,,,3.92
BSP,clingo-native,ga,bsp-0060,60,SATISFIABLE,150.5,0,0,0,1.0,150.449,8.169000000000011,142.28,473.0,1668059.0,1462705.0,4092.0,3587455.0,7442.0,20311.0,3362308.0,,,,,,,,,,,,150.5
BSP,clingo-native,ga,bsp-0070,70,UNKNOWN,300,1,0,0,0.0,299.986,15.336000000000013,284.65,883.0,2498137.0,2143222.0,5881.0,6548740.0,10082.0,27546.0,6193318.0,,,,,,,,,,,,600
BSP,clingo-native,ga,bsp-0080,80,UNKNOWN,300,1,0,0,0.0,299.986,27.786,272.2,1364.0,1587517.0,1308358.0,3967.0,11049275.0,13122.0,35881.0,10521078.0,,,,,,,,,,,,600
BSP,clingo-native,ga,bsp-0090,90,UNKNOWN,300,1,0,0,0.0,299.961,46.18100000000001,253.78,2213.0,1041640.0,845317.0,2437.0,17548060.0,16562.0,45316.0,16798588.0,,,,,,,,,,,,600
BSP,clingo-native,ga,bsp-0100,100,UNKNOWN,300,1,0,0,0.0,299.99,73.82000000000002,226.17,3362.0,739624.0,566560.0,1913.0,26564095.0,20402.0,55851.0,25538848.0,,,,,,,,,,,,600
BSP,clingo-native,ga,bsp-0110,110,UNKNOWN,300,1,0,0,0.0,299.97,114.89000000000001,185.08,4771.0,452959.0,346642.0,1047.0,38676380.0,24642.0,67486.0,37314858.0,,,,,,,,,,,,600
BSP,clingo-native,ga,bsp-0120,120,UNKNOWN,300,1,0,0,0.0,299.99,165.13,134.86,6935.0,238397.0,169552.0,623.0,54523915.0,29282.0,80221.0,52759618.0,,,,,,,,,,,,600
BSP,clingo-native,ga_weak,bsp-0010,10,SATISFIABLE,0.03,0,0,0,1.0,0.006,0.006,0.0,0.0,52.0,46.0,0.0,4960.0,246.0,798.0,3536.0,,,,,,,,,,,,0.03
BSP,clingo-native,ga_weak,bsp-0020,20,SATISFIABLE,0.09,0,0,0,1.0,0.066,0.056,0.01,0.0,606.0,524.0,5.0,55480.0,886.0,2998.0,45816.0,,,,,,,,,,,,0.09
BSP,clingo-native,ga_weak,bsp-0030,30,SATISFIABLE,0.61,0,0,0,1.0,0.581,0.43099999999999994,0.15,38.0,7181.0,6262.0,39.0,250550.0,1926.0,6598.0,219846.0,,,,,,,,,,,,0.61
BSP,clingo-native,ga_weak,bsp-0040,40,SATISFIABLE,1.87,0,0,0,1.0,1.84,1.55,0.29,99.0,8336.0,6820.0,45.0,749170.0,3366.0,11598.0,678626.0,,,,,,,,,,,,1.87
BSP,clingo-native,ga_weak,bsp-0050,50,SATISFIABLE,4.38,0,0,0,1.0,4.344,3.814,0.53,231.0,10885.0,8301.0,59.0,1770340.0,5206.0,17998.0,1635156.0,,,,,,,,,,,,4.38
BSP,clingo-native,ga_weak,bsp-0060,60,SATISFIABLE,9.74,0,0,0,1.0,9.7,8.049999999999999,1.65,461.0,23762.0,18034.0,107.0,3593060.0,7446.0,25798.0,3362436.0,,,,,,,,,,,,9.74
BSP,clingo-native,ga_weak,bsp-0070,70,SATISFIABLE,19.48,0,0,0,1.0,19.425,15.225000000000001,4.2,863.0,44451.0,34150.0,163.0,6556330.0,10086.0,34998.0,6193466.0,,,,,,,,,,,,19.48
BSP,clingo-native,ga_weak,bsp-0080,80,SATISFIABLE,34.76,0,0,0,1.0,34.673,27.703000000000003,6.97,1338.0,48687.0,35332.0,182.0,11059150.0,13126.0,45598.0,10521246.0,,,,,,,,,,,,34.76
BSP,clingo-native,ga_weak,bsp-0090,90,SATISFIABLE,56.37,0,0,0,1.0,56.259,45.949,10.31,2179.0,52437.0,36762.0,188.0,17560520.0,16566.0,57598.0,16798776.0,,,,,,,,,,,,56.37
BSP,clingo-native,ga_weak,bsp-0100,100,SATISFIABLE,89.53,0,0,0,1.0,89.382,73.922,15.46,3315.0,54147.0,36573.0,188.0,26579440.0,20406.0,70998.0,25539056.0,,,,,,,,,,,,89.53
BSP,clingo-native,ga_weak,bsp-0110,110,SATISFIABLE,171.73,0,0,0,1.0,171.52,115.54000000000002,55.98,4713.0,139689.0,95842.0,425.0,38694910.0,24646.0,85798.0,37315086.0,,,,,,,,,,,,171.73
BSP,clingo-native,ga_weak,bsp-0120,120,SATISFIABLE,232.82,0,0,0,1.0,232.543,165.383,67.16,6835.0,121159.0,80847.0,356.0,54545930.0,29286.0,101998.0,52759866.0,,,,,,,,,,,,232.82
BSP,clingo-native,gc,bsp-0010,10,SATISFIABLE,0.03,0,0,0,1.0,0.008,0.008,0.0,0.0,60.0,55.0,0.0,4960.0,1366.0,798.0,6896.0,,,,,,,,,,,,0.03
BSP,clingo-native,gc,bsp-0020,20,SATISFIABLE,0.11,0,0,0,1.0,0.082,0.07200000000000001,0.01,0.0,578.0,498.0,5.0,55480.0,9326.0,2998.0,71136.0,,,,,,,,,,,,0.11
BSP,clingo-native,gc,bsp-0030,30,SATISFIABLE,0.61,0,0,0,1.0,0.581,0.46099999999999997,0.12,48.0,3024.0,2539.0,20.0,250550.0,29886.0,6598.0,303726.0,,,,,,,,,,,,0.61
BSP,clingo-native,gc,bsp-0040,40,SATISFIABLE,2.01,0,0,0,1.0,1.977,1.637,0.34,132.0,4628.0,3635.0,29.0,749170.0,69046.0,11598.0,875666.0,,,,,,,,,,,,2.01
BSP,clingo-native,gc,bsp-0050,50,SATISFIABLE,6.23,0,0,0,1.0,6.189,4.029,2.16,272.0,20823.0,16789.0,93.0,1770340.0,132806.0,17998.0,2017956.0,,,,,,,,,,,,6.23
BSP,clingo-native,gc,bsp-0060,60,SATISFIABLE,10.55,0,0,0,1.0,10.496,8.416,2.08,529.0,13853.0,10513.0,62.0,3593060.0,227166.0,25798.0,4021596.0,,,,,,,,,,,,10.55
BSP,clingo-native,gc,bsp-0070,70,SATISFIABLE,20.95,0,0,0,1.0,20.871,15.930999999999997,4.94,992.0,21202.0,15463.0,90.0,6556330.0,358126.0,34998.0,7237586.0,,,,,,,,,,,,20.95
BSP,clingo-native,gc,bsp-0080,80,SATISFIABLE,63.91,0,0,0,1.0,63.796,29.006,34.79,1529.0,95489.0,72454.0,315.0,11059150.0,531686.0,45598.0,12076926.0,,,,,,,,,,,,63.91
BSP,clingo-native,gc,bsp-0090,90,SATISFIABLE,74.5,0,0,0,1.0,74.357,47.697,26.66,2436.0,49550.0,34694.0,178.0,17560520.0,753846.0,57598.0,19010616.0,,,,,,,,,,,,74.5
BSP,clingo-native,gc,bsp-0100,100,SATISFIABLE,100.02,0,0,0,1.0,99.821,76.211,23.61,3756.0,32514.0,20888.0,124.0,26579440.0,1030606.0,70998.0,28569656.0,,,,,,,,,,,,100.02
BSP,clingo-native,gc,bsp-0110,110,SATISFIABLE,226.04,0,0,0,1.0,225.771,117.78099999999999,107.99,5296.0,111869.0,77392.0,334.0,38694910.0,1367966.0,85798.0,41345046.0,,,,,,,,,,,,226.04
BSP,clingo-native,gc,bsp-0120,120,UNKNOWN,300,1,0,0,0.0,299.991,169.47099999999998,130.52,7597.0,102158.0,68625.0,296.0,54545930.0,1771926.0,101998.0,57987786.0,,,,,,,,,,,,600
BSP,clingo-native,gc_noheur,bsp-0010,10,SATISFIABLE,0.04,0,0,0,1.0,0.006,0.006,0.0,0.0,21.0,15.0,0.0,3476.0,230.0,470.0,3466.0,,,,,,,,,,,,0.04
BSP,clingo-native,gc_noheur,bsp-0020,20,SATISFIABLE,0.09,0,0,0,1.0,0.066,0.046,0.02,0.0,1510.0,1338.0,12.0,45706.0,860.0,1740.0,45686.0,,,,,,,,,,,,0.09
BSP,clingo-native,gc_noheur,bsp-0030,30,SATISFIABLE,0.61,0,0,0,1.0,0.513,0.403,0.11,36.0,4708.0,4020.0,29.0,219686.0,1890.0,3810.0,219656.0,,,,,,,,,,,,0.61
BSP,clingo-native,gc_noheur,bsp-0040,40,SATISFIABLE,1.81,0,0,0,1.0,1.784,1.444,0.34,97.0,10253.0,8409.0,55.0,678416.0,3320.0,6680.0,678376.0,,,,,,,,,,,,1.81
BSP,clingo-native,gc_noheur,bsp-0050,50,SATISFIABLE,4.03,0,0,0,1.0,3.98,3.75,0.23,223.0,4432.0,3222.0,27.0,1634896.0,5150.0,10350.0,1634846.0,,,,,,,,,,,,4.03
BSP,clingo-native,gc_noheur,bsp-0060,60,SATISFIABLE,8.53,0,0,0,1.0,8.482,7.671999999999999,0.81,454.0,11810.0,8573.0,60.0,3362126.0,7380.0,14820.0,3362066.0,,,,,,,,,,,,8.53
BSP,clingo-native,gc_noheur,bsp-0070,70,SATISFIABLE,15.57,0,0,0,1.0,15.507,14.626999999999999,0.88,844.0,9057.0,6214.0,44.0,6193106.0,10010.0,20090.0,6193036.0,,,,,,,,,,,,15.57
BSP,clingo-native,gc_noheur,bsp-0080,80,SATISFIABLE,33.44,0,0,0,1.0,33.353,26.793000000000003,6.56,1313.0,46558.0,34310.0,167.0,10520836.0,13040.0,26160.0,10520756.0,,,,,,,,,,,,33.44
BSP,clingo-native,gc_noheur,bsp-0090,90,SATISFIABLE,62.21,0,0,0,1.0,62.106,44.166,17.94,2145.0,91570.0,67511.0,289.0,16798316.0,16470.0,33030.0,16798226.0,,,,,,,,,,,,62.21
BSP,clingo-native,gc_noheur,bsp-0100,100,SATISFIABLE,90.0,0,0,0,1.0,89.853,71.93299999999999,17.92,3272.0,63255.0,42903.0,218.0,25538546.0,20300.0,40700.0,25538446.0,,,,,,,,,,,,90.0
BSP,clingo-native,gc_noheur,bsp-0110,110,SATISFIABLE,150.13,0,0,0,1.0,149.922,111.452,38.47,4658.0,95603.0,66276.0,284.0,37314526.0,24530.0,49170.0,37314416.0,,,,,,,,,,,,150.13
BSP,clingo-native,gc_noheur,bsp-0120,120,SATISFIABLE,204.56,0,0,0,1.0,204.264,159.904,44.36,6740.0,78565.0,49993.0,252.0,52759256.0,29160.0,58440.0,52759136.0,,,,,,,,,,,,204.56
BSP,clingo-native,la,bsp-0010,10,SATISFIABLE,0.03,0,0,0,1.0,0.005,0.005,0.0,0.0,10.0,0.0,0.0,3478.0,230.0,472.0,3466.0,,,,,,,,,,,,0.03
BSP,clingo-native,la,bsp-0020,20,SATISFIABLE,0.08,0,0,0,1.0,0.052,0.052,0.0,0.0,20.0,0.0,0.0,45708.0,860.0,1742.0,45686.0,,,,,,,,,,,,0.08
BSP,clingo-native,la,bsp-0030,30,SATISFIABLE,0.45,0,0,0,1.0,0.398,0.398,0.0,37.0,30.0,0.0,0.0,219688.0,1890.0,3812.0,219656.0,,,,,,,,,,,,0.45
BSP,clingo-native,la,bsp-0040,40,SATISFIABLE,1.48,0,0,0,1.0,1.448,1.448,0.0,95.0,40.0,0.0,0.0,678418.0,3320.0,6682.0,678376.0,,,,,,,,,,,,1.48
BSP,clingo-native,la,bsp-0050,50,SATISFIABLE,3.69,0,0,0,1.0,3.658,3.658,0.0,221.0,50.0,0.0,0.0,1634898.0,5150.0,10352.0,1634846.0,,,,,,,,,,,,3.69
BSP,clingo-native,la,bsp-0060,60,SATISFIABLE,7.69,0,0,0,1.0,7.648,7.648,0.0,453.0,60.0,0.0,0.0,3362128.0,7380.0,14822.0,3362066.0,,,,,,,,,,,,7.69
BSP,clingo-native,la,bsp-0070,70,SATISFIABLE,14.6,0,0,0,1.0,14.538,14.528,0.01,844.0,70.0,0.0,0.0,6193108.0,10010.0,20092.0,6193036.0,,,,,,,,,,,,14.6
BSP,clingo-native,la,bsp-0080,80,SATISFIABLE,26.8,0,0,0,1.0,26.716,26.706,0.01,1312.0,80.0,0.0,0.0,10520838.0,13040.0,26162.0,10520756.0,,,,,,,,,,,,26.8
BSP,clingo-native,la,bsp-0090,90,SATISFIABLE,44.4,0,0,0,1.0,44.289,44.279,0.01,2144.0,90.0,0.0,0.0,16798318.0,16470.0,33032.0,16798226.0,,,,,,,,,,,,44.4
BSP,clingo-native,la,bsp-0100,100,SATISFIABLE,71.6,0,0,0,1.0,71.452,71.432,0.02,3274.0,100.0,0.0,0.0,25538548.0,20300.0,40702.0,25538446.0,,,,,,,,,,,,71.6
BSP,clingo-native,la,bsp-0110,110,SATISFIABLE,112.92,0,0,0,1.0,112.71,112.67999999999999,0.03,4656.0,110.0,0.0,0.0,37314528.0,24530.0,49172.0,37314416.0,,,,,,,,,,,,112.92
BSP,clingo-native,la,bsp-0120,120,SATISFIABLE,161.15,0,0,0,1.0,160.875,160.835,0.04,6738.0,120.0,0.0,0.0,52759258.0,29160.0,58442.0,52759136.0,,,,,,,,,,,,161.15
BSP,clingo-native,la_aux,bsp-0010,10,SATISFIABLE,0.04,0,0,0,1.0,0.011,0.011,0.0,0.0,60.0,55.0,0.0,4962.0,1356.0,1920.0,6876.0,,,,,,,,,,,,0.04
BSP,clingo-native,la_aux,bsp-0020,20,SATISFIABLE,0.24,0,0,0,1.0,0.211,0.091,0.12,25.0,573.0,492.0,5.0,55482.0,9306.0,11440.0,71096.0,,,,,,,,,,,,0.24
BSP,clingo-native,la_aux,bsp-0030,30,SATISFIABLE,7.8,0,0,0,1.0,7.752,0.5419999999999998,7.21,68.0,8452.0,7405.0,45.0,250552.0,29856.0,34560.0,303666.0,,,,,,,,,,,,7.8
BSP,clingo-native,la_aux,bsp-0040,40,SATISFIABLE,12.75,0,0,0,1.0,12.65,1.8200000000000003,10.83,185.0,4318.0,3356.0,28.0,749172.0,69006.0,77280.0,875586.0,,,,,,,,,,,,12.75
BSP,clingo-native,la_aux,bsp-0050,50,SATISFIABLE,34.26,0,0,0,1.0,34.036,4.4460000000000015,29.59,376.0,4854.0,3562.0,29.0,1770342.0,132756.0,145600.0,2017856.0,,,,,,,,,,,,34.26
BSP,clingo-native,la_aux,bsp-0060,60,SATISFIABLE,286.96,0,0,0,1.0,286.681,9.300999999999988,277.38,710.0,22673.0,17259.0,101.0,3593062.0,227106.0,245520.0,4021476.0,,,,,,,,,,,,286.96
BSP,clingo-native,la_aux,bsp-0070,70,UNKNOWN,300,1,0,0,0.0,299.969,17.329000000000008,282.64,1257.0,12574.0,8787.0,60.0,6556332.0,358056.0,383040.0,7237446.0,,,,,,,,,,,,600
BSP,clingo-native,la_aux,bsp-0080,80,UNKNOWN,300,1,0,0,0.0,299.964,31.613999999999976,268.35,1917.0,7141.0,4881.0,30.0,11059152.0,531606.0,564160.0,12076766.0,,,,,,,,,,,,600
BSP,clingo-native,la_aux,bsp-0090,90,UNKNOWN,300,1,0,0,0.0,299.974,51.573999999999984,248.4,3005.0,4164.0,2415.0,20.0,17560522.0,753756.0,794880.0,19010436.0,,,,,,,,,,,,600
BSP,clingo-native,la_aux,bsp-0100,100,UNKNOWN,300,1,0,0,0.0,299.99,81.19,218.8,4459.0,2400.0,1195.0,12.0,26579442.0,1030506.0,1081200.0,28569456.0,,,,,,,,,,,,600
BSP,clingo-native,la_aux,bsp-0110,110,UNKNOWN,300,1,0,0,0.0,299.965,127.05499999999998,172.91,6198.0,1305.0,581.0,6.0,38694912.0,1367856.0,1429120.0,41344826.0,,,,,,,,,,,,600
BSP,clingo-native,la_aux,bsp-0120,120,UNKNOWN,300,1,1,0,0.0,152.489,152.489,0.0,8196.0,0.0,0.0,0.0,0.0,1771806.0,0.0,0.0,,,,,,,,,,,,600
BSP,clingo-native,la_co,bsp-0010,10,SATISFIABLE,0.03,0,0,0,1.0,0.001,0.001,0.0,0.0,8.0,0.0,0.0,36.0,11.0,35.0,2.0,,,,,,,,,,,,0.03
BSP,clingo-native,la_co,bsp-0020,20,SATISFIABLE,0.03,0,0,0,1.0,0.001,0.001,0.0,0.0,17.0,0.0,0.0,66.0,21.0,65.0,2.0,,,,,,,,,,,,0.03
BSP,clingo-native,la_co,bsp-0030,30,SATISFIABLE,0.05,0,0,0,1.0,0.002,0.002,0.0,0.0,28.0,0.0,0.0,96.0,31.0,95.0,2.0,,,,,,,,,,,,0.05
BSP,clingo-native,la_co,bsp-0040,40,SATISFIABLE,0.03,0,0,0,1.0,0.002,0.002,0.0,0.0,37.0,0.0,0.0,126.0,41.0,125.0,2.0,,,,,,,,,,,,0.03
BSP,clingo-native,la_co,bsp-0050,50,SATISFIABLE,0.03,0,0,0,1.0,0.002,0.002,0.0,0.0,48.0,0.0,0.0,156.0,51.0,155.0,2.0,,,,,,,,,,,,0.03
BSP,clingo-native,la_co,bsp-0060,60,SATISFIABLE,0.03,0,0,0,1.0,0.002,0.002,0.0,0.0,57.0,0.0,0.0,186.0,61.0,185.0,2.0,,,,,,,,,,,,0.03
BSP,clingo-native,la_co,bsp-0070,70,SATISFIABLE,0.03,0,0,0,1.0,0.002,0.002,0.0,0.0,68.0,0.0,0.0,216.0,71.0,215.0,2.0,,,,,,,,,,,,0.03
BSP,clingo-native,la_co,bsp-0080,80,SATISFIABLE,0.03,0,0,0,1.0,0.003,0.003,0.0,0.0,77.0,0.0,0.0,246.0,81.0,245.0,2.0,,,,,,,,,,,,0.03
BSP,clingo-native,la_co,bsp-0090,90,SATISFIABLE,0.03,0,0,0,1.0,0.004,0.004,0.0,0.0,88.0,0.0,0.0,276.0,91.0,275.0,2.0,,,,,,,,,,,,0.03
BSP,clingo-native,la_co,bsp-0100,100,SATISFIABLE,0.03,0,0,0,1.0,0.004,0.004,0.0,0.0,97.0,0.0,0.0,306.0,101.0,305.0,2.0,,,,,,,,,,,,0.03
BSP,clingo-native,la_co,bsp-0110,110,SATISFIABLE,0.03,0,0,0,1.0,0.005,0.005,0.0,0.0,108.0,0.0,0.0,336.0,111.0,335.0,2.0,,,,,,,,,,,,0.03
BSP,clingo-native,la_co,bsp-0120,120,SATISFIABLE,0.03,0,0,0,1.0,0.005,0.005,0.0,0.0,117.0,0.0,0.0,366.0,121.0,365.0,2.0,,,,,,,,,,,,0.03
BSP,clingo-native,lc,bsp-0010,10,SATISFIABLE,0.03,0,0,0,1.0,0.005,0.005,0.0,0.0,21.0,15.0,0.0,3478.0,230.0,472.0,3466.0,,,,,,,,,,,,0.03
BSP,clingo-native,lc,bsp-0020,20,SATISFIABLE,0.1,0,0,0,1.0,0.075,0.05499999999999999,0.02,0.0,1510.0,1338.0,12.0,45708.0,860.0,1742.0,45686.0,,,,,,,,,,,,0.1
BSP,clingo-native,lc,bsp-0030,30,SATISFIABLE,0.56,0,0,0,1.0,0.525,0.385,0.14,36.0,4708.0,4020.0,29.0,219688.0,1890.0,3812.0,219656.0,,,,,,,,,,,,0.56
BSP,clingo-native,lc,bsp-0040,40,SATISFIABLE,1.93,0,0,0,1.0,1.896,1.436,0.46,97.0,10253.0,8409.0,55.0,678418.0,3320.0,6682.0,678376.0,,,,,,,,,,,,1.93
BSP,clingo-native,lc,bsp-0050,50,SATISFIABLE,3.92,0,0,0,1.0,3.89,3.6100000000000003,0.28,227.0,4432.0,3222.0,27.0,1634898.0,5150.0,10352.0,1634846.0,,,,,,,,,,,,3.92
BSP,clingo-native,lc,bsp-0060,60,SATISFIABLE,8.61,0,0,0,1.0,8.57,7.59,0.98,454.0,11810.0,8573.0,60.0,3362128.0,7380.0,14822.0,3362066.0,,,,,,,,,,,,8.61
BSP,clingo-native,lc,bsp-0070,70,SATISFIABLE,15.67,0,0,0,1.0,15.605,14.595,1.01,845.0,9057.0,6214.0,44.0,6193108.0,10010.0,20092.0,6193036.0,,,,,,,,,,,,15.67
BSP,clingo-native,lc,bsp-0080,80,SATISFIABLE,34.88,0,0,0,1.0,34.799,26.759,8.04,1312.0,46558.0,34310.0,167.0,10520838.0,13040.0,26162.0,10520756.0,,,,,,,,,,,,34.88
BSP,clingo-native,lc,bsp-0090,90,SATISFIABLE,64.11,0,0,0,1.0,63.998,43.998,20.0,2145.0,91570.0,67511.0,289.0,16798318.0,16470.0,33032.0,16798226.0,,,,,,,,,,,,64.11
BSP,clingo-native,lc,bsp-0100,100,SATISFIABLE,91.58,0,0,0,1.0,91.439,71.28899999999999,20.15,3273.0,63255.0,42903.0,218.0,25538548.0,20300.0,40702.0,25538446.0,,,,,,,,,,,,91.58
BSP,clingo-native,lc,bsp-0110,110,SATISFIABLE,153.88,0,0,0,1.0,153.675,112.13500000000002,41.54,4658.0,95603.0,66276.0,284.0,37314528.0,24530.0,49172.0,37314416.0,,,,,,,,,,,,153.88
BSP,clingo-native,lc,bsp-0120,120,SATISFIABLE,208.03,0,0,0,1.0,207.757,160.697,47.06,6738.0,78565.0,49993.0,252.0,52759258.0,29160.0,58442.0,52759136.0,,,,,,,,,,,,208.03
BSP,clingo-prolog,ga,bsp-0010,10,SATISFIABLE,0.03,0,0,0,1.0,0.007,0.007,0.0,0.0,10.0,0.0,0.0,4780.0,242.0,636.0,3508.0,,,,,,,,,,,,0.03
BSP,clingo-prolog,ga,bsp-0020,20,SATISFIABLE,0.09,0,0,0,1.0,0.065,0.065,0.0,0.0,20.0,0.0,0.0,54815.0,882.0,2371.0,45768.0,,,,,,,,,,,,0.09
BSP,clingo-prolog,ga,bsp-0030,30,SATISFIABLE,0.46,0,0,0,1.0,0.431,0.431,0.0,40.0,30.0,0.0,0.0,249100.0,1922.0,5206.0,219778.0,,,,,,,,,,,,0.46
BSP,clingo-prolog,ga,bsp-0040,40,SATISFIABLE,1.6,0,0,0,1.0,1.559,1.559,0.0,102.0,40.0,0.0,0.0,746635.0,3362.0,9141.0,678538.0,,,,,,,,,,,,1.6
BSP,clingo-prolog,ga,bsp-0050,50,SATISFIABLE,3.89,0,0,0,1.0,3.852,3.852,0.0,237.0,50.0,0.0,0.0,1766420.0,5202.0,14176.0,1635048.0,,,,,,,,,,,,3.89
BSP,clingo-prolog,ga,bsp-0060,60,SATISFIABLE,147.6,0,0,0,1.0,147.554,8.093999999999994,139.46,481.0,1668059.0,1462705.0,4092.0,3587455.0,7442.0,20311.0,3362308.0,,,,,,,,,,,,147.6
BSP,clingo-prolog,ga,bsp-0070,70,UNKNOWN,300,1,0,0,0.0,299.986,15.216000000000008,284.77,882.0,2559243.0,2193661.0,6058.0,6548740.0,10082.0,27546.0,6193318.0,,,,,,,,,,,,600
BSP,clingo-prolog,ga,bsp-0080,80,UNKNOWN,300,1,0,0,0.0,299.985,27.694999999999993,272.29,1364.0,1548790.0,1278825.0,3835.0,11049275.0,13122.0,35881.0,10521078.0,,,,,,,,,,,,600
BSP,clingo-prolog,ga,bsp-0090,90,UNKNOWN,300,1,0,0,0.0,299.968,46.34800000000001,253.62,2217.0,1013205.0,823493.0,2355.0,17548060.0,16562.0,45316.0,16798588.0,,,,,,,,,,,,600
BSP,clingo-prolog,ga,bsp-0100,100,UNKNOWN,300,1,0,0,0.0,299.99,73.81,226.18,3361.0,726842.0,558035.0,1866.0,26564095.0,20402.0,55851.0,25538848.0,,,,,,,,,,,,600
BSP,clingo-prolog,ga,bsp-0110,110,UNKNOWN,300,1,0,0,0.0,299.986,114.27599999999998,185.71,4771.0,443323.0,339536.0,1022.0,38676380.0,24642.0,67486.0,37314858.0,,,,,,,,,,,,600
BSP,clingo-prolog,ga,bsp-0120,120,UNKNOWN,300,1,0,0,0.0,299.989,165.60899999999998,134.38,6935.0,230073.0,164364.0,594.0,54523915.0,29282.0,80221.0,52759618.0,,,,,,,,,,,,600
BSP,clingo-prolog,ga_weak,bsp-0010,10,SATISFIABLE,0.03,0,0,0,1.0,0.007,0.007,0.0,0.0,52.0,46.0,0.0,4960.0,246.0,798.0,3536.0,,,,,,,,,,,,0.03
BSP,clingo-prolog,ga_weak,bsp-0020,20,SATISFIABLE,0.15,0,0,0,1.0,0.114,0.10400000000000001,0.01,16.0,606.0,524.0,5.0,55480.0,886.0,2998.0,45816.0,,,,,,,,,,,,0.15
BSP,clingo-prolog,ga_weak,bsp-0030,30,SATISFIABLE,0.57,0,0,0,1.0,0.54,0.39,0.15,38.0,7181.0,6262.0,39.0,250550.0,1926.0,6598.0,219846.0,,,,,,,,,,,,0.57
BSP,clingo-prolog,ga_weak,bsp-0040,40,SATISFIABLE,2.25,0,0,0,1.0,2.21,1.81,0.4,95.0,8336.0,6820.0,45.0,749170.0,3366.0,11598.0,678626.0,,,,,,,,,,,,2.25
BSP,clingo-prolog,ga_weak,bsp-0050,50,SATISFIABLE,4.1,0,0,0,1.0,4.063,3.493,0.57,233.0,10885.0,8301.0,59.0,1770340.0,5206.0,17998.0,1635156.0,,,,,,,,,,,,4.1
BSP,clingo-prolog,ga_weak,bsp-0060,60,SATISFIABLE,12.57,0,0,0,1.0,12.513,10.233,2.28,468.0,23762.0,18034.0,107.0,3593060.0,7446.0,25798.0,3362436.0,,,,,,,,,,,,12.57
BSP,clingo-prolog,ga_weak,bsp-0070,70,SATISFIABLE,27.53,0,0,0,1.0,27.445,21.355,6.09,863.0,44451.0,34150.0,163.0,6556330.0,10086.0,34998.0,6193466.0,,,,,,,,,,,,27.53
BSP,clingo-prolog,ga_weak,bsp-0080,80,SATISFIABLE,49.43,0,0,0,1.0,49.317,38.507,10.81,1339.0,48687.0,35332.0,182.0,11059150.0,13126.0,45598.0,10521246.0,,,,,,,,,,,,49.43
BSP,clingo-prolog,ga_weak,bsp-0090,90,SATISFIABLE,80.34,0,0,0,1.0,80.178,63.827999999999996,16.35,2177.0,52437.0,36762.0,188.0,17560520.0,16566.0,57598.0,16798776.0,,,,,,,,,,,,80.34
BSP,clingo-prolog,ga_weak,bsp-0100,100,SATISFIABLE,114.29,0,0,0,1.0,114.087,96.787,17.3,3315.0,54147.0,36573.0,188.0,26579440.0,20406.0,70998.0,25539056.0,,,,,,,,,,,,114.29
BSP,clingo-prolog,ga_weak,bsp-0110,110,SATISFIABLE,207.93,0,0,0,1.0,207.649,128.309,79.34,4712.0,139689.0,95842.0,425.0,38694910.0,24646.0,85798.0,37315086.0,,,,,,,,,,,,207.93
BSP,clingo-prolog,ga_weak,bsp-0120,120,SATISFIABLE,259.54,0,0,0,1.0,259.134,169.25400000000002,89.88,6836.0,121159.0,80847.0,356.0,54545930.0,29286.0,101998.0,52759866.0,,,,,,,,,,,,259.54
BSP,clingo-prolog,gc,bsp-0010,10,SATISFIABLE,0.03,0,0,0,1.0,0.008,0.008,0.0,0.0,60.0,55.0,0.0,4960.0,1366.0,798.0,6896.0,,,,,,,,,,,,0.03
BSP,clingo-prolog,gc,bsp-0020,20,SATISFIABLE,0.11,0,0,0,1.0,0.082,0.07200000000000001,0.01,0.0,578.0,498.0,5.0,55480.0,9326.0,2998.0,71136.0,,,,,,,,,,,,0.11
BSP,clingo-prolog,gc,bsp-0030,30,SATISFIABLE,0.61,0,0,0,1.0,0.58,0.45999999999999996,0.12,48.0,3024.0,2539.0,20.0,250550.0,29886.0,6598.0,303726.0,,,,,,,,,,,,0.61
BSP,clingo-prolog,gc,bsp-0040,40,SATISFIABLE,1.96,0,0,0,1.0,1.927,1.587,0.34,126.0,4628.0,3635.0,29.0,749170.0,69046.0,11598.0,875666.0,,,,,,,,,,,,1.96
BSP,clingo-prolog,gc,bsp-0050,50,SATISFIABLE,6.33,0,0,0,1.0,6.291,4.061,2.23,271.0,20823.0,16789.0,93.0,1770340.0,132806.0,17998.0,2017956.0,,,,,,,,,,,,6.33
BSP,clingo-prolog,gc,bsp-0060,60,SATISFIABLE,10.6,0,0,0,1.0,10.537,8.387,2.15,536.0,13853.0,10513.0,62.0,3593060.0,227166.0,25798.0,4021596.0,,,,,,,,,,,,10.6
BSP,clingo-prolog,gc,bsp-0070,70,SATISFIABLE,20.71,0,0,0,1.0,20.603,15.833000000000002,4.77,990.0,21202.0,15463.0,90.0,6556330.0,358126.0,34998.0,7237586.0,,,,,,,,,,,,20.71
BSP,clingo-prolog,gc,bsp-0080,80,SATISFIABLE,62.77,0,0,0,1.0,62.658,28.658,34.0,1528.0,95489.0,72454.0,315.0,11059150.0,531686.0,45598.0,12076926.0,,,,,,,,,,,,62.77
BSP,clingo-prolog,gc,bsp-0090,90,SATISFIABLE,74.85,0,0,0,1.0,74.69,47.87,26.82,2463.0,49550.0,34694.0,178.0,17560520.0,753846.0,57598.0,19010616.0,,,,,,,,,,,,74.85
BSP,clingo-prolog,gc,bsp-0100,100,SATISFIABLE,100.21,0,0,0,1.0,99.999,76.209,23.79,3706.0,32514.0,20888.0,124.0,26579440.0,1030606.0,70998.0,28569656.0,,,,,,,,,,,,100.21
BSP,clingo-prolog,gc,bsp-0110,110,SATISFIABLE,228.66,0,0,0,1.0,228.336,118.86600000000001,109.47,5162.0,111869.0,77392.0,334.0,38694910.0,1367966.0,85798.0,41345046.0,,,,,,,,,,,,228.66
BSP,clingo-prolog,gc,bsp-0120,120,UNKNOWN,300,1,0,0,0.0,299.991,168.13099999999997,131.86,7548.0,102540.0,68779.0,298.0,54545930.0,1771926.0,101998.0,57987786.0,,,,,,,,,,,,600
BSP,clingo-prolog,gc_noheur,bsp-0010,10,SATISFIABLE,0.03,0,0,0,1.0,0.005,0.005,0.0,0.0,21.0,15.0,0.0,3476.0,230.0,470.0,3466.0,,,,,,,,,,,,0.03
BSP,clingo-prolog,gc_noheur,bsp-0020,20,SATISFIABLE,0.09,0,0,0,1.0,0.066,0.046,0.02,0.0,1510.0,1338.0,12.0,45706.0,860.0,1740.0,45686.0,,,,,,,,,,,,0.09
BSP,clingo-prolog,gc_noheur,bsp-0030,30,SATISFIABLE,0.68,0,0,0,1.0,0.534,0.42400000000000004,0.11,37.0,4708.0,4020.0,29.0,219686.0,1890.0,3810.0,219656.0,,,,,,,,,,,,0.68
BSP,clingo-prolog,gc_noheur,bsp-0040,40,SATISFIABLE,1.79,0,0,0,1.0,1.764,1.4140000000000001,0.35,98.0,10253.0,8409.0,55.0,678416.0,3320.0,6680.0,678376.0,,,,,,,,,,,,1.79
BSP,clingo-prolog,gc_noheur,bsp-0050,50,SATISFIABLE,3.93,0,0,0,1.0,3.895,3.6550000000000002,0.24,222.0,4432.0,3222.0,27.0,1634896.0,5150.0,10350.0,1634846.0,,,,,,,,,,,,3.93
BSP,clingo-prolog,gc_noheur,bsp-0060,60,SATISFIABLE,8.57,0,0,0,1.0,8.525,7.6850000000000005,0.84,456.0,11810.0,8573.0,60.0,3362126.0,7380.0,14820.0,3362066.0,,,,,,,,,,,,8.57
BSP,clingo-prolog,gc_noheur,bsp-0070,70,SATISFIABLE,15.44,0,0,0,1.0,15.377,14.537,0.84,846.0,9057.0,6214.0,44.0,6193106.0,10010.0,20090.0,6193036.0,,,,,,,,,,,,15.44
BSP,clingo-prolog,gc_noheur,bsp-0080,80,SATISFIABLE,33.45,0,0,0,1.0,33.367,26.506999999999998,6.86,1315.0,46558.0,34310.0,167.0,10520836.0,13040.0,26160.0,10520756.0,,,,,,,,,,,,33.45
BSP,clingo-prolog,gc_noheur,bsp-0090,90,SATISFIABLE,63.44,0,0,0,1.0,63.322,44.662000000000006,18.66,2145.0,91570.0,67511.0,289.0,16798316.0,16470.0,33030.0,16798226.0,,,,,,,,,,,,63.44
BSP,clingo-prolog,gc_noheur,bsp-0100,100,SATISFIABLE,90.5,0,0,0,1.0,90.345,71.765,18.58,3275.0,63255.0,42903.0,218.0,25538546.0,20300.0,40700.0,25538446.0,,,,,,,,,,,,90.5
BSP,clingo-prolog,gc_noheur,bsp-0110,110,SATISFIABLE,149.52,0,0,0,1.0,149.304,111.094,38.21,4660.0,95603.0,66276.0,284.0,37314526.0,24530.0,49170.0,37314416.0,,,,,,,,,,,,149.52
BSP,clingo-prolog,gc_noheur,bsp-0120,120,SATISFIABLE,206.7,0,0,0,1.0,206.409,161.099,45.31,6739.0,78565.0,49993.0,252.0,52759256.0,29160.0,58440.0,52759136.0,,,,,,,,,,,,206.7
BSP,clingo-prolog,la,bsp-0010,10,SATISFIABLE,0.06,0,0,0,1.0,0.033,0.033,0.0,0.0,10.0,0.0,0.0,3479.0,230.0,473.0,3466.0,10.0,active,11.0,20.0,110.0,0.680292,0.440476,0.056726,0.007262,0.007561,0.146481,0.06
BSP,clingo-prolog,la,bsp-0020,20,SATISFIABLE,0.11,0,0,0,1.0,0.082,0.082,0.0,0.0,20.0,0.0,0.0,45709.0,860.0,1743.0,45686.0,20.0,active,21.0,40.0,420.0,2.25841,1.6718,0.203072,0.024458,0.026749,0.306267,0.11
BSP,clingo-prolog,la,bsp-0030,30,SATISFIABLE,0.6,0,0,0,1.0,0.554,0.544,0.01,39.0,30.0,0.0,0.0,219689.0,1890.0,3813.0,219656.0,30.0,active,31.0,60.0,930.0,5.02659,3.91635,0.502698,0.056866,0.058917,0.506638,0.6
BSP,clingo-prolog,la,bsp-0040,40,SATISFIABLE,1.52,0,0,0,1.0,1.485,1.475,0.01,97.0,40.0,0.0,0.0,678419.0,3320.0,6683.0,678376.0,40.0,active,41.0,80.0,1640.0,11.4465,9.28306,1.06749,0.129553,0.14821,0.837384,1.52
BSP,clingo-prolog,la,bsp-0050,50,SATISFIABLE,3.74,0,0,0,1.0,3.707,3.687,0.02,230.0,50.0,0.0,0.0,1634899.0,5150.0,10353.0,1634846.0,50.0,active,51.0,100.0,2550.0,16.9726,13.9858,1.6266,0.194774,0.224224,1.03401,3.74
BSP,clingo-prolog,la,bsp-0060,60,SATISFIABLE,7.71,0,0,0,1.0,7.668,7.648000000000001,0.02,457.0,60.0,0.0,0.0,3362129.0,7380.0,14823.0,3362066.0,60.0,active,61.0,120.0,3660.0,18.5457,15.3555,1.81653,0.229898,0.258809,1.04172,7.71
BSP,clingo-prolog,la,bsp-0070,70,SATISFIABLE,14.59,0,0,0,1.0,14.531,14.501000000000001,0.03,848.0,70.0,0.0,0.0,6193109.0,10010.0,20093.0,6193036.0,70.0,active,71.0,140.0,4970.0,23.6893,19.7718,2.31938,0.288222,0.348946,1.1912,14.59
BSP,clingo-prolog,la,bsp-0080,80,SATISFIABLE,26.75,0,0,0,1.0,26.67,26.630000000000003,0.04,1316.0,80.0,0.0,0.0,10520839.0,13040.0,26163.0,10520756.0,80.0,active,81.0,160.0,6480.0,31.2981,26.3739,2.97719,0.374742,0.47057,1.55835,26.75
BSP,clingo-prolog,la,bsp-0090,90,SATISFIABLE,44.31,0,0,0,1.0,44.204,44.154,0.05,2147.0,90.0,0.0,0.0,16798319.0,16470.0,33033.0,16798226.0,90.0,active,91.0,180.0,8190.0,37.9615,31.9535,3.72766,0.497209,0.562446,1.79283,44.31
BSP,clingo-prolog,la,bsp-0100,100,SATISFIABLE,67.82,0,0,0,1.0,67.597,67.527,0.07,3276.0,100.0,0.0,0.0,25538549.0,20300.0,40703.0,25538446.0,100.0,active,101.0,200.0,10100.0,48.49,40.9238,4.92108,0.601557,0.849127,2.45409,67.82
BSP,clingo-prolog,la,bsp-0110,110,SATISFIABLE,111.37,0,0,0,1.0,111.166,111.076,0.09,4660.0,110.0,0.0,0.0,37314529.0,24530.0,49173.0,37314416.0,110.0,active,111.0,220.0,12210.0,58.113,49.3535,5.77917,0.722872,0.917849,2.78321,111.37
BSP,clingo-prolog,la,bsp-0120,120,SATISFIABLE,161.16,0,0,0,1.0,160.882,160.762,0.12,6742.0,120.0,0.0,0.0,52759259.0,29160.0,58443.0,52759136.0,120.0,active,121.0,240.0,14520.0,70.1928,59.8571,6.98131,0.851986,1.22643,3.37246,161.16
BSP,clingo-prolog,la_aux,bsp-0010,10,SATISFIABLE,0.15,0,0,0,1.0,0.123,0.063,0.06,15.0,60.0,55.0,0.0,4963.0,1356.0,1921.0,6876.0,60.0,active,0.0,0.0,0.0,1.12541,0.068783,0.001056,0.0,0.0,56.7731,0.15
BSP,clingo-prolog,la_aux,bsp-0020,20,SATISFIABLE,3.49,0,0,0,1.0,3.461,0.351,3.11,29.0,573.0,492.0,5.0,55483.0,9306.0,11441.0,71096.0,573.0,active,0.0,0.0,0.0,11.9523,0.890226,0.01107,0.0,0.0,3051.36,3.49
BSP,clingo-prolog,la_aux,bsp-0030,30,UNKNOWN,300,1,0,0,0.0,299.987,1.497000000000014,298.49,70.0,3001.0,2520.0,20.0,250553.0,29856.0,34561.0,303666.0,,inactive,,,,,,,,,,600
BSP,clingo-prolog,la_aux,bsp-0040,40,UNKNOWN,300,1,0,0,0.0,299.982,5.052000000000021,294.93,169.0,1359.0,1027.0,9.0,749173.0,69006.0,77281.0,875586.0,,inactive,,,,,,,,,,600
BSP,clingo-prolog,la_aux,bsp-0050,50,UNKNOWN,300,1,0,0,0.0,299.989,8.048999999999978,291.94,350.0,683.0,423.0,5.0,1770343.0,132756.0,145601.0,2017856.0,,inactive,,,,,,,,,,600
BSP,clingo-prolog,la_aux,bsp-0060,60,UNKNOWN,300,1,0,0,0.0,299.984,21.74399999999997,278.24,663.0,526.0,310.0,3.0,3593063.0,227106.0,245521.0,4021476.0,,inactive,,,,,,,,,,600
BSP,clingo-prolog,la_aux,bsp-0070,70,UNKNOWN,300,1,0,0,0.0,299.991,27.500999999999976,272.49,1169.0,55.0,0.0,0.0,6556333.0,358056.0,383041.0,7237446.0,,inactive,,,,,,,,,,600
BSP,clingo-prolog,la_aux,bsp-0080,80,UNKNOWN,300,1,0,0,0.0,299.984,52.68399999999997,247.3,1799.0,40.0,0.0,0.0,11059153.0,531606.0,564161.0,12076766.0,,inactive,,,,,,,,,,600
BSP,clingo-prolog,la_aux,bsp-0090,90,UNKNOWN,300,1,0,0,0.0,299.982,101.37200000000001,198.61,2839.0,48.0,1.0,0.0,17560523.0,753756.0,794881.0,19010436.0,,inactive,,,,,,,,,,600
BSP,clingo-prolog,la_aux,bsp-0100,100,UNKNOWN,300,1,0,0,0.0,299.991,108.88099999999997,191.11,4217.0,26.0,1.0,0.0,26579443.0,1030506.0,1081201.0,28569456.0,,inactive,,,,,,,,,,600
BSP,clingo-prolog,la_aux,bsp-0110,110,UNKNOWN,300,1,0,0,0.0,299.992,157.55200000000002,142.44,5882.0,16.0,0.0,0.0,38694913.0,1367856.0,1429121.0,41344826.0,,inactive,,,,,,,,,,600
BSP,clingo-prolog,la_aux,bsp-0120,120,UNKNOWN,300,1,1,0,0.0,194.588,194.588,0.0,8192.0,0.0,0.0,0.0,0.0,1771806.0,0.0,0.0,,inactive,,,,,,,,,,600
BSP,clingo-prolog,la_co,bsp-0010,10,SATISFIABLE,0.05,0,0,0,1.0,0.028,0.028,0.0,0.0,8.0,0.0,0.0,37.0,11.0,36.0,2.0,8.0,active,12.75,20.0,102.0,0.62733,0.413781,0.049668,0.006421,0.007089,0.153707,0.05
BSP,clingo-prolog,la_co,bsp-0020,20,SATISFIABLE,0.06,0,0,0,1.0,0.03,0.03,0.0,0.0,17.0,0.0,0.0,67.0,21.0,66.0,2.0,17.0,active,24.0,40.0,408.0,1.92593,1.41846,0.185482,0.023039,0.023305,0.268504,0.06
BSP,clingo-prolog,la_co,bsp-0030,30,SATISFIABLE,0.06,0,0,0,1.0,0.034,0.034,0.0,0.0,28.0,0.0,0.0,97.0,31.0,96.0,2.0,28.0,active,32.9286,60.0,922.0,4.24239,3.27004,0.421656,0.054613,0.049733,0.421221,0.06
BSP,clingo-prolog,la_co,bsp-0040,40,SATISFIABLE,0.08,0,0,0,1.0,0.048,0.038,0.01,0.0,37.0,0.0,0.0,127.0,41.0,126.0,2.0,37.0,active,44.0,80.0,1628.0,8.24725,6.57747,0.825446,0.108255,0.100188,0.629046,0.08
BSP,clingo-prolog,la_co,bsp-0050,50,SATISFIABLE,0.07,0,0,0,1.0,0.042,0.032,0.01,0.0,48.0,0.0,0.0,157.0,51.0,156.0,2.0,48.0,active,52.9583,100.0,2542.0,11.0528,8.89383,1.14364,0.149844,0.140348,0.750048,0.07
BSP,clingo-prolog,la_co,bsp-0060,60,SATISFIABLE,0.1,0,0,0,1.0,0.067,0.047,0.02,0.0,57.0,0.0,0.0,187.0,61.0,186.0,2.0,57.0,active,64.0,120.0,3648.0,22.0075,17.9986,2.27828,0.299999,0.282474,1.22525,0.1
BSP,clingo-prolog,la_co,bsp-0070,70,SATISFIABLE,0.08,0,0,0,1.0,0.053,0.033,0.02,0.0,68.0,0.0,0.0,217.0,71.0,216.0,2.0,68.0,active,72.9706,140.0,4962.0,20.9014,17.197,2.20463,0.289943,0.25483,1.04076,0.08
BSP,clingo-prolog,la_co,bsp-0080,80,SATISFIABLE,0.09,0,0,0,1.0,0.061,0.031,0.03,0.0,77.0,0.0,0.0,247.0,81.0,246.0,2.0,77.0,active,84.0,160.0,6468.0,26.5766,21.9743,2.83295,0.381202,0.332582,1.17598,0.09
BSP,clingo-prolog,la_co,bsp-0090,90,SATISFIABLE,0.1,0,0,0,1.0,0.072,0.031999999999999994,0.04,0.0,88.0,0.0,0.0,277.0,91.0,276.0,2.0,88.0,active,92.9773,180.0,8182.0,36.0406,30.073,3.86052,0.505992,0.505764,1.38792,0.1
BSP,clingo-prolog,la_co,bsp-0100,100,SATISFIABLE,0.1,0,0,0,1.0,0.077,0.037,0.04,0.0,97.0,0.0,0.0,307.0,101.0,306.0,2.0,97.0,active,104.0,200.0,10088.0,42.1392,35.3663,4.43774,0.59245,0.532469,1.45958,0.1
BSP,clingo-prolog,la_co,bsp-0110,110,SATISFIABLE,0.15,0,0,0,1.0,0.117,0.047,0.07,13.0,108.0,0.0,0.0,337.0,111.0,336.0,2.0,108.0,active,112.981,220.0,12202.0,71.2076,60.2607,7.36487,0.951509,0.944145,2.21826,0.15
BSP,clingo-prolog,la_co,bsp-0120,120,SATISFIABLE,0.12,0,0,0,1.0,0.096,0.036000000000000004,0.06,13.0,117.0,0.0,0.0,367.0,121.0,366.0,2.0,117.0,active,124.0,240.0,14508.0,60.0091,50.357,6.72403,0.844069,0.813914,1.74882,0.12
BSP,clingo-prolog,lc,bsp-0010,10,SATISFIABLE,0.06,0,0,0,1.0,0.032,0.032,0.0,0.0,21.0,15.0,0.0,3479.0,230.0,473.0,3466.0,21.0,active,0.0,0.0,0.0,0.623412,0.26353,0.000377,0.0,0.0,0.493126,0.06
BSP,clingo-prolog,lc,bsp-0020,20,SATISFIABLE,0.25,0,0,0,1.0,0.221,0.091,0.13,18.0,1510.0,1338.0,12.0,45709.0,860.0,1743.0,45686.0,1510.0,active,0.0,0.0,0.0,70.8001,43.1948,0.028247,0.0,0.0,41.9933,0.25
BSP,clingo-prolog,lc,bsp-0030,30,SATISFIABLE,0.94,0,0,0,1.0,0.904,0.394,0.51,38.0,4708.0,4020.0,29.0,219689.0,1890.0,3813.0,219656.0,4708.0,active,0.0,0.0,0.0,265.45,182.62,0.082752,0.0,0.0,129.598,0.94
BSP,clingo-prolog,lc,bsp-0040,40,SATISFIABLE,3.49,0,0,0,1.0,3.446,1.7460000000000002,1.7,100.0,10253.0,8409.0,55.0,678419.0,3320.0,6683.0,678376.0,10253.0,active,0.0,0.0,0.0,849.163,628.767,0.213046,0.0,0.0,356.09,3.49
BSP,clingo-prolog,lc,bsp-0050,50,SATISFIABLE,4.07,0,0,0,1.0,4.03,3.3100000000000005,0.72,229.0,4432.0,3222.0,27.0,1634899.0,5150.0,10353.0,1634846.0,4432.0,active,0.0,0.0,0.0,360.326,281.433,0.077746,0.0,0.0,122.922,4.07
BSP,clingo-prolog,lc,bsp-0060,60,SATISFIABLE,12.5,0,0,0,1.0,12.435,9.485,2.95,458.0,11810.0,8573.0,60.0,3362129.0,7380.0,14823.0,3362066.0,11810.0,active,0.0,0.0,0.0,1376.88,1113.32,0.260904,0.0,0.0,423.059,12.5
BSP,clingo-prolog,lc,bsp-0070,70,SATISFIABLE,16.85,0,0,0,1.0,16.779,14.599,2.18,849.0,9057.0,6214.0,44.0,6193109.0,10010.0,20093.0,6193036.0,9057.0,active,0.0,0.0,0.0,948.967,788.537,0.162618,0.0,0.0,255.723,16.85
BSP,clingo-prolog,lc,bsp-0080,80,SATISFIABLE,60.01,0,0,0,1.0,59.849,36.169,23.68,1317.0,46558.0,34310.0,167.0,10520839.0,13040.0,26163.0,10520756.0,46558.0,active,0.0,0.0,0.0,8017.7,6781.15,1.4541,0.0,0.0,2231.81,60.01
BSP,clingo-prolog,lc,bsp-0090,90,SATISFIABLE,95.25,0,0,0,1.0,95.097,47.126999999999995,47.97,2147.0,91570.0,67511.0,289.0,16798319.0,16470.0,33033.0,16798226.0,91570.0,active,0.0,0.0,0.0,16760.6,14433.3,2.22115,0.0,0.0,4160.89,95.25
BSP,clingo-prolog,lc,bsp-0100,100,SATISFIABLE,102.45,0,0,0,1.0,102.247,68.537,33.71,3276.0,63255.0,42903.0,218.0,25538549.0,20300.0,40703.0,25538446.0,63255.0,active,0.0,0.0,0.0,10416.2,9032.63,1.30499,0.0,0.0,2440.99,102.45
BSP,clingo-prolog,lc,bsp-0110,110,SATISFIABLE,224.87,0,0,0,1.0,224.586,144.496,80.09,4658.0,95603.0,66276.0,284.0,37314529.0,24530.0,49173.0,37314416.0,95603.0,active,0.0,0.0,0.0,21897.2,19281.3,2.44897,0.0,0.0,4973.96,224.87
BSP,clingo-prolog,lc,bsp-0120,120,SATISFIABLE,273.32,0,0,0,1.0,273.006,189.88599999999997,83.12,6741.0,78565.0,49993.0,252.0,52759259.0,29160.0,58443.0,52759136.0,78565.0,active,0.0,0.0,0.0,20764.5,18620.1,1.99802,0.0,0.0,4349.06,273.32
HRP,clingo-native,ga,house-2,2,SATISFIABLE,0.03,0,0,0,1.0,0.004,0.004,0.0,0.0,12.0,0.0,0.0,621.0,295.0,176.0,1132.0,,,,,,,,,,,,0.03
HRP,clingo-native,ga,house-4,4,SATISFIABLE,0.03,0,0,0,1.0,0.007,0.007,0.0,0.0,28.0,0.0,0.0,3439.0,1200.0,551.0,5548.0,,,,,,,,,,,,0.03
HRP,clingo-native,ga,house-6,6,SATISFIABLE,0.04,0,0,0,1.0,0.012,0.012,0.0,0.0,40.0,0.0,0.0,9147.0,2696.0,931.0,14368.0,,,,,,,,,,,,0.04
HRP,clingo-native,ga,house-8,8,SATISFIABLE,0.05,0,0,0,1.0,0.022,0.022,0.0,0.0,52.0,0.0,0.0,19973.0,5196.0,1399.0,31088.0,,,,,,,,,,,,0.05
HRP,clingo-native,ga,house-10,10,SATISFIABLE,0.06,0,0,0,1.0,0.037,0.037,0.0,0.0,64.0,0.0,0.0,38143.0,8904.0,1955.0,58432.0,,,,,,,,,,,,0.06
HRP,clingo-native,ga,house-12,12,SATISFIABLE,0.09,0,0,0,1.0,0.06,0.06,0.0,0.0,76.0,0.0,0.0,66297.0,14060.0,2599.0,99760.0,,,,,,,,,,,,0.09
HRP,clingo-native,ga,house-14,14,SATISFIABLE,0.12,0,0,0,1.0,0.093,0.093,0.0,23.0,88.0,0.0,0.0,107459.0,20904.0,3331.0,158816.0,,,,,,,,,,,,0.12
HRP,clingo-native,ga,house-16,16,SATISFIABLE,0.17,0,0,0,1.0,0.141,0.141,0.0,19.0,100.0,0.0,0.0,165037.0,29676.0,4151.0,239728.0,,,,,,,,,,,,0.17
HRP,clingo-native,ga,house-18,18,SATISFIABLE,0.24,0,0,0,1.0,0.215,0.215,0.0,35.0,105.0,0.0,0.0,242823.0,40616.0,5059.0,347008.0,,,,,,,,,,,,0.24
HRP,clingo-native,ga,house-20,20,SATISFIABLE,0.34,0,0,0,1.0,0.306,0.306,0.0,46.0,116.0,0.0,0.0,344993.0,53964.0,6055.0,485552.0,,,,,,,,,,,,0.34
HRP,clingo-native,gc,house-2,2,SATISFIABLE,0.03,0,0,0,1.0,0.004,0.004,0.0,0.0,6.0,1.0,0.0,630.0,337.0,176.0,1336.0,,,,,,,,,,,,0.03
HRP,clingo-native,gc,house-4,4,SATISFIABLE,0.03,0,0,0,1.0,0.01,0.01,0.0,0.0,23.0,1.0,0.0,3547.0,1440.0,551.0,6796.0,,,,,,,,,,,,0.03
HRP,clingo-native,gc,house-6,6,SATISFIABLE,0.04,0,0,0,1.0,0.013,0.013,0.0,0.0,36.0,3.0,0.0,9467.0,3272.0,931.0,17440.0,,,,,,,,,,,,0.04
HRP,clingo-native,gc,house-8,8,SATISFIABLE,0.05,0,0,0,1.0,0.024,0.024,0.0,0.0,68.0,18.0,0.0,20673.0,6316.0,1399.0,37168.0,,,,,,,,,,,,0.05
HRP,clingo-native,gc,house-10,10,SATISFIABLE,0.07,0,0,0,1.0,0.042,0.042,0.0,0.0,141.0,73.0,0.0,39439.0,10824.0,1955.0,68992.0,,,,,,,,,,,,0.07
HRP,clingo-native,gc,house-12,12,SATISFIABLE,0.1,0,0,0,1.0,0.077,0.067,0.01,0.0,799.0,364.0,3.0,68453.0,17084.0,2599.0,116560.0,,,,,,,,,,,,0.1
HRP,clingo-native,gc,house-14,14,SATISFIABLE,0.14,0,0,0,1.0,0.112,0.10200000000000001,0.01,24.0,571.0,216.0,2.0,110787.0,25384.0,3331.0,183904.0,,,,,,,,,,,,0.14
HRP,clingo-native,gc,house-16,16,SATISFIABLE,0.2,0,0,0,1.0,0.168,0.158,0.01,19.0,773.0,237.0,2.0,169897.0,36012.0,4151.0,275440.0,,,,,,,,,,,,0.2
HRP,clingo-native,gc,house-18,18,SATISFIABLE,0.29,0,0,0,1.0,0.258,0.23800000000000002,0.02,36.0,895.0,234.0,2.0,249623.0,49256.0,5059.0,395968.0,,,,,,,,,,,,0.29
HRP,clingo-native,gc,house-20,20,SATISFIABLE,0.42,0,0,0,1.0,0.387,0.337,0.05,50.0,2397.0,539.0,5.0,354189.0,65404.0,6055.0,550672.0,,,,,,,,,,,,0.42
HRP,clingo-native,gc_noheur,house-2,2,SATISFIABLE,0.03,0,0,0,1.0,0.003,0.003,0.0,0.0,7.0,1.0,0.0,418.0,206.0,130.0,785.0,,,,,,,,,,,,0.03
HRP,clingo-native,gc_noheur,house-4,4,SATISFIABLE,0.03,0,0,0,1.0,0.005,0.005,0.0,0.0,44.0,15.0,0.0,2386.0,938.0,428.0,4242.0,,,,,,,,,,,,0.03
HRP,clingo-native,gc_noheur,house-6,6,SATISFIABLE,0.04,0,0,0,1.0,0.01,0.01,0.0,0.0,177.0,104.0,1.0,5950.0,2104.0,718.0,10368.0,,,,,,,,,,,,0.04
HRP,clingo-native,gc_noheur,house-8,8,SATISFIABLE,0.04,0,0,0,1.0,0.019,0.019,0.0,0.0,456.0,248.0,3.0,12136.0,4074.0,1072.0,21426.0,,,,,,,,,,,,0.04
HRP,clingo-native,gc_noheur,house-10,10,SATISFIABLE,0.05,0,0,0,1.0,0.029,0.029,0.0,0.0,440.0,162.0,2.0,21634.0,7004.0,1490.0,38460.0,,,,,,,,,,,,0.05
HRP,clingo-native,gc_noheur,house-12,12,SATISFIABLE,0.07,0,0,0,1.0,0.043,0.043,0.0,0.0,473.0,160.0,2.0,35164.0,11086.0,1972.0,62766.0,,,,,,,,,,,,0.07
HRP,clingo-native,gc_noheur,house-14,14,SATISFIABLE,0.09,0,0,0,1.0,0.063,0.053,0.01,0.0,705.0,162.0,2.0,53446.0,16512.0,2518.0,95640.0,,,,,,,,,,,,0.09
HRP,clingo-native,gc_noheur,house-16,16,SATISFIABLE,0.13,0,0,0,1.0,0.102,0.08199999999999999,0.02,23.0,1413.0,459.0,5.0,77200.0,23474.0,3128.0,138378.0,,,,,,,,,,,,0.13
HRP,clingo-native,gc_noheur,house-18,18,SATISFIABLE,0.17,0,0,0,1.0,0.142,0.12199999999999998,0.02,23.0,2144.0,411.0,4.0,107146.0,32164.0,3802.0,192276.0,,,,,,,,,,,,0.17
HRP,clingo-native,gc_noheur,house-20,20,SATISFIABLE,0.38,0,0,0,1.0,0.225,0.195,0.03,35.0,3105.0,456.0,5.0,144004.0,42774.0,4540.0,258630.0,,,,,,,,,,,,0.38
HRP,clingo-native,la,house-2,2,SATISFIABLE,0.03,0,0,0,1.0,0.004,0.004,0.0,0.0,12.0,0.0,0.0,724.0,334.0,342.0,1267.0,,,,,,,,,,,,0.03
HRP,clingo-native,la,house-4,4,SATISFIABLE,0.03,0,0,0,1.0,0.008,0.008,0.0,0.0,26.0,0.0,0.0,3897.0,1422.0,1193.0,6430.0,,,,,,,,,,,,0.03
HRP,clingo-native,la,house-6,6,SATISFIABLE,0.04,0,0,0,1.0,0.015,0.015,0.0,0.0,38.0,0.0,0.0,10153.0,3216.0,2169.0,16568.0,,,,,,,,,,,,0.04
HRP,clingo-native,la,house-8,8,SATISFIABLE,0.05,0,0,0,1.0,0.027,0.027,0.0,0.0,50.0,0.0,0.0,21807.0,6206.0,3425.0,35518.0,,,,,,,,,,,,0.05
HRP,clingo-native,la,house-10,10,SATISFIABLE,0.07,0,0,0,1.0,0.046,0.046,0.0,0.0,62.0,0.0,0.0,41133.0,10644.0,4961.0,66244.0,,,,,,,,,,,,0.07
HRP,clingo-native,la,house-12,12,SATISFIABLE,0.1,0,0,0,1.0,0.073,0.073,0.0,0.0,74.0,0.0,0.0,70819.0,16818.0,6777.0,112346.0,,,,,,,,,,,,0.1
HRP,clingo-native,la,house-14,14,SATISFIABLE,0.14,0,0,0,1.0,0.116,0.116,0.0,25.0,86.0,0.0,0.0,113937.0,25016.0,8873.0,177808.0,,,,,,,,,,,,0.14
HRP,clingo-native,la,house-16,16,SATISFIABLE,0.2,0,0,0,1.0,0.17,0.17,0.0,20.0,98.0,0.0,0.0,173943.0,35526.0,11249.0,266998.0,,,,,,,,,,,,0.2
HRP,clingo-native,la,house-18,18,SATISFIABLE,0.3,0,0,0,1.0,0.268,0.258,0.01,37.0,110.0,0.0,0.0,254677.0,48636.0,13905.0,384668.0,,,,,,,,,,,,0.3
HRP,clingo-native,la,house-20,20,SATISFIABLE,0.41,0,0,0,1.0,0.371,0.361,0.01,48.0,122.0,0.0,0.0,360363.0,64634.0,16841.0,535954.0,,,,,,,,,,,,0.41
HRP,clingo-native,lc,house-2,2,SATISFIABLE,0.03,0,0,0,1.0,0.005,0.005,0.0,0.0,15.0,2.0,0.0,727.0,334.0,345.0,1267.0,,,,,,,,,,,,0.03
HRP,clingo-native,lc,house-4,4,SATISFIABLE,0.03,0,0,0,1.0,0.009,0.009,0.0,0.0,42.0,2.0,0.0,3900.0,1422.0,1196.0,6430.0,,,,,,,,,,,,0.03
HRP,clingo-native,lc,house-6,6,SATISFIABLE,0.05,0,0,0,1.0,0.019,0.019,0.0,0.0,96.0,12.0,0.0,10156.0,3216.0,2172.0,16568.0,,,,,,,,,,,,0.05
HRP,clingo-native,lc,house-8,8,SATISFIABLE,0.06,0,0,0,1.0,0.03,0.03,0.0,0.0,431.0,94.0,1.0,21810.0,6206.0,3428.0,35518.0,,,,,,,,,,,,0.06
HRP,clingo-native,lc,house-10,10,SATISFIABLE,0.09,0,0,0,1.0,0.063,0.043,0.02,0.0,1864.0,485.0,5.0,41136.0,10644.0,4964.0,66244.0,,,,,,,,,,,,0.09
HRP,clingo-native,lc,house-12,12,SATISFIABLE,0.21,0,0,0,1.0,0.181,0.071,0.11,21.0,7084.0,2406.0,14.0,70822.0,16818.0,6780.0,112346.0,,,,,,,,,,,,0.21
HRP,clingo-native,lc,house-14,14,SATISFIABLE,1.78,0,0,0,1.0,1.752,0.1120000000000001,1.64,27.0,66717.0,32353.0,126.0,113940.0,25016.0,8876.0,177808.0,,,,,,,,,,,,1.78
HRP,clingo-native,lc,house-16,16,UNKNOWN,300,1,0,0,0.0,299.989,0.16899999999998272,299.82,43.0,10030243.0,5586478.0,12096.0,173946.0,35526.0,11252.0,266998.0,,,,,,,,,,,,600
HRP,clingo-native,lc,house-18,18,UNKNOWN,300,1,0,0,0.0,299.989,0.2489999999999668,299.74,52.0,9502286.0,4741982.0,9847.0,254680.0,48636.0,13908.0,384668.0,,,,,,,,,,,,600
HRP,clingo-native,lc,house-20,20,UNKNOWN,300,1,0,0,0.0,299.99,0.35000000000002274,299.64,65.0,9215580.0,4056315.0,8190.0,360366.0,64634.0,16844.0,535954.0,,,,,,,,,,,,600
HRP,clingo-prolog,ga,house-2,2,SATISFIABLE,0.03,0,0,0,1.0,0.004,0.004,0.0,0.0,12.0,0.0,0.0,621.0,295.0,176.0,1132.0,,,,,,,,,,,,0.03
HRP,clingo-prolog,ga,house-4,4,SATISFIABLE,0.03,0,0,0,1.0,0.007,0.007,0.0,0.0,28.0,0.0,0.0,3439.0,1200.0,551.0,5548.0,,,,,,,,,,,,0.03
HRP,clingo-prolog,ga,house-6,6,SATISFIABLE,0.04,0,0,0,1.0,0.013,0.013,0.0,0.0,40.0,0.0,0.0,9147.0,2696.0,931.0,14368.0,,,,,,,,,,,,0.04
HRP,clingo-prolog,ga,house-8,8,SATISFIABLE,0.05,0,0,0,1.0,0.022,0.022,0.0,0.0,52.0,0.0,0.0,19973.0,5196.0,1399.0,31088.0,,,,,,,,,,,,0.05
HRP,clingo-prolog,ga,house-10,10,SATISFIABLE,0.11,0,0,0,1.0,0.046,0.046,0.0,0.0,64.0,0.0,0.0,38143.0,8904.0,1955.0,58432.0,,,,,,,,,,,,0.11
HRP,clingo-prolog,ga,house-12,12,SATISFIABLE,0.09,0,0,0,1.0,0.061,0.061,0.0,0.0,76.0,0.0,0.0,66297.0,14060.0,2599.0,99760.0,,,,,,,,,,,,0.09
HRP,clingo-prolog,ga,house-14,14,SATISFIABLE,0.13,0,0,0,1.0,0.096,0.096,0.0,23.0,88.0,0.0,0.0,107459.0,20904.0,3331.0,158816.0,,,,,,,,,,,,0.13
HRP,clingo-prolog,ga,house-16,16,SATISFIABLE,0.17,0,0,0,1.0,0.142,0.142,0.0,20.0,100.0,0.0,0.0,165037.0,29676.0,4151.0,239728.0,,,,,,,,,,,,0.17
HRP,clingo-prolog,ga,house-18,18,SATISFIABLE,0.26,0,0,0,1.0,0.229,0.229,0.0,35.0,105.0,0.0,0.0,242823.0,40616.0,5059.0,347008.0,,,,,,,,,,,,0.26
HRP,clingo-prolog,ga,house-20,20,SATISFIABLE,0.35,0,0,0,1.0,0.313,0.313,0.0,46.0,116.0,0.0,0.0,344993.0,53964.0,6055.0,485552.0,,,,,,,,,,,,0.35
HRP,clingo-prolog,gc,house-2,2,SATISFIABLE,0.03,0,0,0,1.0,0.004,0.004,0.0,0.0,6.0,1.0,0.0,630.0,337.0,176.0,1336.0,,,,,,,,,,,,0.03
HRP,clingo-prolog,gc,house-4,4,SATISFIABLE,0.03,0,0,0,1.0,0.008,0.008,0.0,0.0,23.0,1.0,0.0,3547.0,1440.0,551.0,6796.0,,,,,,,,,,,,0.03
HRP,clingo-prolog,gc,house-6,6,SATISFIABLE,0.04,0,0,0,1.0,0.014,0.014,0.0,0.0,36.0,3.0,0.0,9467.0,3272.0,931.0,17440.0,,,,,,,,,,,,0.04
HRP,clingo-prolog,gc,house-8,8,SATISFIABLE,0.05,0,0,0,1.0,0.025,0.025,0.0,0.0,68.0,18.0,0.0,20673.0,6316.0,1399.0,37168.0,,,,,,,,,,,,0.05
HRP,clingo-prolog,gc,house-10,10,SATISFIABLE,0.07,0,0,0,1.0,0.043,0.043,0.0,0.0,141.0,73.0,0.0,39439.0,10824.0,1955.0,68992.0,,,,,,,,,,,,0.07
HRP,clingo-prolog,gc,house-12,12,SATISFIABLE,0.11,0,0,0,1.0,0.079,0.069,0.01,0.0,799.0,364.0,3.0,68453.0,17084.0,2599.0,116560.0,,,,,,,,,,,,0.11
HRP,clingo-prolog,gc,house-14,14,SATISFIABLE,0.14,0,0,0,1.0,0.115,0.10500000000000001,0.01,24.0,571.0,216.0,2.0,110787.0,25384.0,3331.0,183904.0,,,,,,,,,,,,0.14
HRP,clingo-prolog,gc,house-16,16,SATISFIABLE,0.2,0,0,0,1.0,0.171,0.161,0.01,20.0,773.0,237.0,2.0,169897.0,36012.0,4151.0,275440.0,,,,,,,,,,,,0.2
HRP,clingo-prolog,gc,house-18,18,SATISFIABLE,0.29,0,0,0,1.0,0.259,0.23900000000000002,0.02,37.0,895.0,234.0,2.0,249623.0,49256.0,5059.0,395968.0,,,,,,,,,,,,0.29
HRP,clingo-prolog,gc,house-20,20,SATISFIABLE,0.43,0,0,0,1.0,0.392,0.342,0.05,52.0,2397.0,539.0,5.0,354189.0,65404.0,6055.0,550672.0,,,,,,,,,,,,0.43
HRP,clingo-prolog,gc_noheur,house-2,2,SATISFIABLE,0.03,0,0,0,1.0,0.003,0.003,0.0,0.0,7.0,1.0,0.0,418.0,206.0,130.0,785.0,,,,,,,,,,,,0.03
HRP,clingo-prolog,gc_noheur,house-4,4,SATISFIABLE,0.03,0,0,0,1.0,0.005,0.005,0.0,0.0,44.0,15.0,0.0,2386.0,938.0,428.0,4242.0,,,,,,,,,,,,0.03
HRP,clingo-prolog,gc_noheur,house-6,6,SATISFIABLE,0.04,0,0,0,1.0,0.01,0.01,0.0,0.0,177.0,104.0,1.0,5950.0,2104.0,718.0,10368.0,,,,,,,,,,,,0.04
HRP,clingo-prolog,gc_noheur,house-8,8,SATISFIABLE,0.04,0,0,0,1.0,0.019,0.019,0.0,0.0,456.0,248.0,3.0,12136.0,4074.0,1072.0,21426.0,,,,,,,,,,,,0.04
HRP,clingo-prolog,gc_noheur,house-10,10,SATISFIABLE,0.06,0,0,0,1.0,0.033,0.033,0.0,0.0,440.0,162.0,2.0,21634.0,7004.0,1490.0,38460.0,,,,,,,,,,,,0.06
HRP,clingo-prolog,gc_noheur,house-12,12,SATISFIABLE,0.07,0,0,0,1.0,0.044,0.033999999999999996,0.01,0.0,473.0,160.0,2.0,35164.0,11086.0,1972.0,62766.0,,,,,,,,,,,,0.07
HRP,clingo-prolog,gc_noheur,house-14,14,SATISFIABLE,0.09,0,0,0,1.0,0.064,0.054,0.01,0.0,705.0,162.0,2.0,53446.0,16512.0,2518.0,95640.0,,,,,,,,,,,,0.09
HRP,clingo-prolog,gc_noheur,house-16,16,SATISFIABLE,0.13,0,0,0,1.0,0.103,0.08299999999999999,0.02,24.0,1413.0,459.0,5.0,77200.0,23474.0,3128.0,138378.0,,,,,,,,,,,,0.13
HRP,clingo-prolog,gc_noheur,house-18,18,SATISFIABLE,0.17,0,0,0,1.0,0.144,0.12399999999999999,0.02,24.0,2144.0,411.0,4.0,107146.0,32164.0,3802.0,192276.0,,,,,,,,,,,,0.17
HRP,clingo-prolog,gc_noheur,house-20,20,SATISFIABLE,0.39,0,0,0,1.0,0.225,0.195,0.03,37.0,3105.0,456.0,5.0,144004.0,42774.0,4540.0,258630.0,,,,,,,,,,,,0.39
HRP,clingo-prolog,la,house-2,2,SATISFIABLE,0.06,0,0,0,1.0,0.035,0.035,0.0,0.0,12.0,0.0,0.0,559.0,295.0,186.0,1132.0,12.0,active,25.4167,54.0,305.0,1.88131,1.48587,0.164355,0.022066,0.021212,0.710252,0.06
HRP,clingo-prolog,la,house-4,4,SATISFIABLE,0.09,0,0,0,1.0,0.058,0.038000000000000006,0.02,0.0,26.0,0.0,0.0,3157.0,1200.0,561.0,5548.0,26.0,active,106.231,228.0,2762.0,14.7371,12.589,1.43903,0.229918,0.155847,2.431,0.09
HRP,clingo-prolog,la,house-6,6,SATISFIABLE,0.13,0,0,0,1.0,0.098,0.048,0.05,15.0,38.0,0.0,0.0,8605.0,2696.0,941.0,14368.0,38.0,active,198.105,442.0,7528.0,41.1438,35.7317,3.90753,0.70224,0.428464,4.22728,0.13
HRP,clingo-prolog,la,house-8,8,SATISFIABLE,0.19,0,0,0,1.0,0.165,0.07500000000000001,0.09,17.0,52.0,0.0,0.0,19091.0,5196.0,1409.0,31088.0,52.0,active,304.346,724.0,15826.0,87.0485,76.0221,8.43321,1.54474,1.02852,6.48283,0.19
HRP,clingo-prolog,la,house-10,10,SATISFIABLE,0.3,0,0,0,1.0,0.267,0.097,0.17,19.0,62.0,0.0,0.0,36841.0,8904.0,1965.0,58432.0,62.0,active,461.226,1074.0,28596.0,158.747,139.254,15.0554,2.84387,1.62995,9.54001,0.3
HRP,clingo-prolog,la,house-12,12,SATISFIABLE,0.46,0,0,0,1.0,0.434,0.134,0.3,22.0,74.0,0.0,0.0,64495.0,14060.0,2609.0,99760.0,74.0,active,632.459,1492.0,46802.0,283.435,250.983,25.2491,4.83815,3.24501,13.6733,0.46
HRP,clingo-prolog,la,house-14,14,SATISFIABLE,0.66,0,0,0,1.0,0.631,0.191,0.44,27.0,86.0,0.0,0.0,105077.0,20904.0,3341.0,158816.0,86.0,active,830.14,1978.0,71392.0,425.997,376.834,38.29,7.55369,5.28774,17.6545,0.66
HRP,clingo-prolog,la,house-16,16,SATISFIABLE,0.93,0,0,0,1.0,0.903,0.243,0.66,33.0,98.0,0.0,0.0,161995.0,29676.0,4161.0,239728.0,98.0,active,1054.27,2532.0,103318.0,630.407,559.775,54.8185,11.208,7.03115,22.8219,0.93
HRP,clingo-prolog,la,house-18,18,SATISFIABLE,1.35,0,0,0,1.0,1.299,0.33899999999999997,0.96,42.0,110.0,0.0,0.0,239041.0,40616.0,5069.0,347008.0,110.0,active,1304.84,3154.0,143532.0,926.048,827.173,77.4482,15.2314,10.5582,28.2991,1.35
HRP,clingo-prolog,la,house-20,20,SATISFIABLE,1.65,0,0,0,1.0,1.618,0.5880000000000001,1.03,50.0,106.0,0.0,0.0,340391.0,53964.0,6065.0,485552.0,106.0,active,1248.02,3844.0,132290.0,988.989,896.816,72.1808,14.1062,10.3957,34.3893,1.65
HRP,clingo-prolog,lc,house-2,2,SATISFIABLE,0.06,0,0,0,1.0,0.035,0.035,0.0,0.0,10.0,4.0,0.0,559.0,295.0,186.0,1132.0,10.0,active,20.6,34.0,206.0,1.28525,0.979661,0.111964,0.018477,0.015442,1.29102,0.06
HRP,clingo-prolog,lc,house-4,4,SATISFIABLE,0.09,0,0,0,1.0,0.062,0.041999999999999996,0.02,0.0,38.0,4.0,0.0,3157.0,1200.0,561.0,5548.0,38.0,active,72.8947,132.0,2770.0,15.7555,13.2872,1.47189,0.275167,0.172024,4.2309,0.09
HRP,clingo-prolog,lc,house-6,6,SATISFIABLE,0.16,0,0,0,1.0,0.134,0.054000000000000006,0.08,15.0,96.0,18.0,0.0,8605.0,2696.0,941.0,14368.0,96.0,active,107.208,250.0,10292.0,66.9245,58.7549,5.3473,1.03622,0.662557,11.8484,0.16
HRP,clingo-prolog,lc,house-8,8,SATISFIABLE,0.36,0,0,0,1.0,0.329,0.069,0.26,17.0,257.0,94.0,0.0,19091.0,5196.0,1409.0,31088.0,257.0,active,88.8482,404.0,22834.0,235.774,216.867,11.8203,2.37811,1.49065,20.4354,0.36
HRP,clingo-prolog,lc,house-10,10,SATISFIABLE,2.65,0,0,0,1.0,2.618,0.09799999999999986,2.52,19.0,1648.0,589.0,4.0,36841.0,8904.0,1965.0,58432.0,1648.0,active,126.847,594.0,209044.0,2343.39,2179.85,108.684,23.0846,13.3346,162.79,2.65
HRP,clingo-prolog,lc,house-12,12,SATISFIABLE,15.79,0,0,0,1.0,15.748,0.1379999999999999,15.61,22.0,6409.0,2737.0,14.0,64495.0,14060.0,2609.0,99760.0,6409.0,active,173.998,820.0,1115155.0,14677.8,13826.6,594.757,128.756,84.4532,857.813,15.79
HRP,clingo-prolog,lc,house-14,14,SATISFIABLE,267.99,0,0,0,1.0,267.953,0.18299999999999272,267.77,31.0,73143.0,41471.0,143.0,105077.0,20904.0,3341.0,158816.0,73143.0,active,238.681,1082.0,17457876.0,255063.0,242208.0,9207.17,2063.07,1242.92,11184.2,267.99
HRP,clingo-prolog,lc,house-16,16,UNKNOWN,300,1,0,0,0.0,299.987,0.2470000000000141,299.74,37.0,67271.0,31943.0,126.0,161995.0,29676.0,4161.0,239728.0,,inactive,,,,,,,,,,600
HRP,clingo-prolog,lc,house-18,18,UNKNOWN,300,1,0,0,0.0,299.988,0.3480000000000132,299.64,42.0,52937.0,19765.0,92.0,239041.0,40616.0,5069.0,347008.0,,inactive,,,,,,,,,,600
HRP,clingo-prolog,lc,house-20,20,UNKNOWN,300,1,0,0,0.0,299.988,0.4479999999999791,299.54,51.0,42806.0,14605.0,62.0,340391.0,53964.0,6065.0,485552.0,,inactive,,,,,,,,,,600
PUP,clingo-native,ga,double-20,20,SATISFIABLE,0.98,0,0,0,1.0,0.907,0.887,0.02,114.0,39.0,0.0,0.0,341366.0,176248.0,6685.0,1009327.0,,,,,,,,,,,,0.98
PUP,clingo-native,ga,double-40,40,SATISFIABLE,7.25,0,0,0,1.0,7.01,6.89,0.12,531.0,65.0,0.0,0.0,2256566.0,776208.0,25785.0,5064087.0,,,,,,,,,,,,7.25
PUP,clingo-native,ga,double-60,60,SATISFIABLE,15.81,0,0,0,1.0,15.344,15.054,0.29,1370.0,119.0,0.0,0.0,7018966.0,1802568.0,57285.0,13162447.0,,,,,,,,,,,,15.81
PUP,clingo-native,ga,double-80,80,SATISFIABLE,45.21,0,0,0,1.0,44.271,43.521,0.75,2599.0,159.0,0.0,0.0,15900566.0,3255328.0,101185.0,26288407.0,,,,,,,,,,,,45.21
PUP,clingo-native,ga,double-100,100,SATISFIABLE,62.34,0,0,0,1.0,60.987,59.797000000000004,1.19,4471.0,199.0,0.0,0.0,30173366.0,5134488.0,157485.0,45425967.0,,,,,,,,,,,,62.34
PUP,clingo-native,ga,double-120,120,SATISFIABLE,103.69,0,0,0,1.0,101.666,99.706,1.96,7034.0,235.0,0.0,0.0,51109366.0,7440048.0,226185.0,71559127.0,,,,,,,,,,,,103.69
PUP,clingo-native,ga,double-140,140,UNKNOWN,300,1,1,0,0.0,140.189,140.189,0.0,8214.0,0.0,0.0,0.0,0.0,10172008.0,0.0,0.0,,,,,,,,,,,,600
PUP,clingo-native,ga,double-160,160,UNKNOWN,300,1,1,0,0.0,220.386,220.386,0.0,8192.0,0.0,0.0,0.0,0.0,12811402.0,0.0,0.0,,,,,,,,,,,,600
PUP,clingo-native,ga,double-180,180,UNKNOWN,300,1,1,0,0.0,210.783,210.783,0.0,8194.0,0.0,0.0,0.0,0.0,0.0,0.0,0.0,,,,,,,,,,,,600
PUP,clingo-native,ga,double-200,200,UNKNOWN,300,1,1,0,0.0,203.047,203.047,0.0,8197.0,0.0,0.0,0.0,0.0,0.0,0.0,0.0,,,,,,,,,,,,600
PUP,clingo-native,gc,double-20,20,SATISFIABLE,2.53,0,0,0,1.0,2.464,1.054,1.41,117.0,1115.0,774.0,6.0,343253.0,175566.0,8618.0,1268207.0,,,,,,,,,,,,2.53
PUP,clingo-native,gc,double-40,40,SATISFIABLE,8.95,0,0,0,1.0,8.719,6.348999999999999,2.37,528.0,1346.0,643.0,5.0,2267383.0,778946.0,33278.0,6227547.0,,,,,,,,,,,,8.95
PUP,clingo-native,gc,double-60,60,SATISFIABLE,112.2,0,0,0,1.0,111.68,20.970000000000013,90.71,1297.0,268976.0,12220.0,58.0,7045513.0,1813126.0,73938.0,15880887.0,,,,,,,,,,,,112.2
PUP,clingo-native,gc,double-80,80,UNKNOWN,300,1,0,0,0.0,299.989,53.57899999999998,246.41,2467.0,39554.0,16425.0,62.0,15949643.0,3278106.0,130598.0,31212227.0,,,,,,,,,,,,600
PUP,clingo-native,gc,double-100,100,UNKNOWN,300,1,0,0,0.0,299.986,91.67599999999999,208.31,4091.0,22934.0,6449.0,30.0,30251773.0,5173886.0,203258.0,53205567.0,,,,,,,,,,,,600
PUP,clingo-native,gc,double-120,120,UNKNOWN,300,1,0,0,0.0,299.99,166.79000000000002,133.2,6415.0,148017.0,2225.0,13.0,51223903.0,7500466.0,291918.0,82844907.0,,,,,,,,,,,,600
PUP,clingo-native,gc,double-140,140,UNKNOWN,300,1,1,0,0.0,215.391,215.391,0.0,8198.0,0.0,0.0,0.0,0.0,10257846.0,0.0,0.0,,,,,,,,,,,,600
PUP,clingo-native,gc,double-160,160,UNKNOWN,300,1,1,0,0.0,297.792,297.792,0.0,8335.0,0.0,0.0,0.0,0.0,13446026.0,0.0,0.0,,,,,,,,,,,,600
PUP,clingo-native,gc,double-180,180,UNKNOWN,300,1,0,0,0.0,299.988,299.988,0.0,5061.0,0.0,0.0,0.0,0.0,0.0,0.0,0.0,,,,,,,,,,,,600
PUP,clingo-native,gc,double-200,200,UNKNOWN,300,1,0,0,0.0,299.989,299.989,0.0,5582.0,0.0,0.0,0.0,0.0,0.0,0.0,0.0,,,,,,,,,,,,600
PUP,clingo-native,gc_noheur,double-20,20,SATISFIABLE,0.25,0,0,0,1.0,0.213,0.183,0.03,20.0,266.0,177.0,1.0,161018.0,5298.0,4886.0,128657.0,,,,,,,,,,,,0.25
PUP,clingo-native,gc_noheur,double-40,40,SATISFIABLE,8.54,0,0,0,1.0,8.494,1.5739999999999998,6.92,92.0,11659.0,7035.0,30.0,1475058.0,22548.0,19766.0,1160787.0,,,,,,,,,,,,8.54
PUP,clingo-native,gc_noheur,double-60,60,SATISFIABLE,14.87,0,0,0,1.0,14.804,5.644,9.16,292.0,109652.0,6556.0,29.0,5213498.0,51798.0,44646.0,4080117.0,,,,,,,,,,,,14.87
PUP,clingo-native,gc_noheur,double-80,80,SATISFIABLE,161.01,0,0,0,1.0,160.906,12.945999999999998,147.96,697.0,546549.0,25825.0,91.0,12648338.0,93048.0,79526.0,9870647.0,,,,,,,,,,,,161.01
PUP,clingo-native,gc_noheur,double-100,100,UNKNOWN,300,1,0,0,0.0,299.984,25.23399999999998,274.75,1334.0,1358434.0,34520.0,124.0,25051578.0,146298.0,124406.0,19516377.0,,,,,,,,,,,,600
PUP,clingo-native,gc_noheur,double-120,120,UNKNOWN,300,1,0,0,0.0,299.985,51.045000000000016,248.94,2305.0,844407.0,17360.0,61.0,43695218.0,211548.0,179286.0,34001307.0,,,,,,,,,,,,600
PUP,clingo-native,gc_noheur,double-140,140,UNKNOWN,300,1,0,0,0.0,299.986,83.136,216.85,3475.0,490411.0,8028.0,30.0,69851258.0,288798.0,244166.0,54309437.0,,,,,,,,,,,,600
PUP,clingo-native,gc_noheur,double-160,160,UNKNOWN,300,1,0,0,0.0,299.991,113.24099999999999,186.75,5342.0,323091.0,5120.0,26.0,104791698.0,378048.0,319046.0,81424767.0,,,,,,,,,,,,600
PUP,clingo-native,gc_noheur,double-180,180,UNKNOWN,300,1,0,0,0.0,299.959,162.969,136.99,7619.0,142424.0,3099.0,14.0,149788538.0,479298.0,403926.0,116331297.0,,,,,,,,,,,,600
PUP,clingo-native,gc_noheur,double-200,200,UNKNOWN,300,1,1,0,0.0,209.583,209.583,0.0,8201.0,0.0,0.0,0.0,0.0,592548.0,0.0,0.0,,,,,,,,,,,,600
PUP,clingo-native,la,double-20,20,SATISFIABLE,0.31,0,0,0,1.0,0.265,0.255,0.01,26.0,26.0,4.0,0.0,216193.0,51776.0,6412.0,410861.0,,,,,,,,,,,,0.31
PUP,clingo-native,la,double-40,40,SATISFIABLE,2.15,0,0,0,1.0,2.039,1.999,0.04,208.0,52.0,6.0,0.0,1713053.0,236486.0,25232.0,2463751.0,,,,,,,,,,,,2.15
PUP,clingo-native,la,double-60,60,SATISFIABLE,6.54,0,0,0,1.0,6.319,6.179,0.14,554.0,81.0,9.0,0.0,5762313.0,555596.0,56452.0,7151041.0,,,,,,,,,,,,6.54
PUP,clingo-native,la,double-80,80,SATISFIABLE,14.9,0,0,0,1.0,14.492,14.172,0.32,1180.0,107.0,11.0,0.0,13635973.0,1009106.0,100072.0,15456731.0,,,,,,,,,,,,14.9
PUP,clingo-native,la,double-100,100,SATISFIABLE,28.22,0,0,0,1.0,27.585,26.965,0.62,2099.0,136.0,14.0,0.0,26606033.0,1597016.0,156092.0,28364821.0,,,,,,,,,,,,28.22
PUP,clingo-native,la,double-120,120,SATISFIABLE,48.71,0,0,0,1.0,47.746,46.626000000000005,1.12,3448.0,162.0,16.0,0.0,45944493.0,2319326.0,224512.0,46859311.0,,,,,,,,,,,,48.71
PUP,clingo-native,la,double-140,140,SATISFIABLE,76.32,0,0,0,1.0,74.872,73.002,1.87,4952.0,191.0,19.0,0.0,72923353.0,3176036.0,305332.0,71924201.0,,,,,,,,,,,,76.32
PUP,clingo-native,la,double-160,160,SATISFIABLE,115.62,0,0,0,1.0,113.788,111.078,2.71,7320.0,217.0,21.0,0.0,108814613.0,4167146.0,398552.0,104543491.0,,,,,,,,,,,,115.62
PUP,clingo-native,la,double-180,180,UNKNOWN,300,1,1,0,0.0,142.288,142.288,0.0,8196.0,0.0,0.0,0.0,0.0,5292656.0,0.0,0.0,,,,,,,,,,,,600
PUP,clingo-native,la,double-200,200,UNKNOWN,300,1,1,0,0.0,186.99,186.99,0.0,8335.0,0.0,0.0,0.0,0.0,6552566.0,0.0,0.0,,,,,,,,,,,,600
PUP,clingo-native,lc,double-20,20,SATISFIABLE,0.4,0,0,0,1.0,0.353,0.263,0.09,46.0,233.0,138.0,1.0,216193.0,51776.0,6412.0,410861.0,,,,,,,,,,,,0.4
PUP,clingo-native,lc,double-40,40,SATISFIABLE,68.06,0,0,0,1.0,67.98,2.010000000000005,65.97,211.0,36325.0,23067.0,97.0,1713053.0,236486.0,25232.0,2463751.0,,,,,,,,,,,,68.06
PUP,clingo-native,lc,double-60,60,SATISFIABLE,145.59,0,0,0,1.0,145.405,6.2450000000000045,139.16,563.0,197221.0,15816.0,62.0,5762313.0,555596.0,56452.0,7151041.0,,,,,,,,,,,,145.59
PUP,clingo-native,lc,double-80,80,UNKNOWN,300,1,0,0,0.0,299.978,14.048000000000002,285.93,1184.0,50346.0,15989.0,62.0,13635973.0,1009106.0,100072.0,15456731.0,,,,,,,,,,,,600
PUP,clingo-native,lc,double-100,100,SATISFIABLE,227.3,0,0,0,1.0,226.601,26.961000000000013,199.64,2109.0,174593.0,6468.0,30.0,26606033.0,1597016.0,156092.0,28364821.0,,,,,,,,,,,,227.3
PUP,clingo-native,lc,double-120,120,UNKNOWN,300,1,0,0,0.0,299.991,46.68099999999998,253.31,3458.0,30306.0,3844.0,15.0,45944493.0,2319326.0,224512.0,46859311.0,,,,,,,,,,,,600
PUP,clingo-native,lc,double-140,140,UNKNOWN,300,1,0,0,0.0,299.993,73.423,226.57,4968.0,4113.0,1360.0,9.0,72923353.0,3176036.0,305332.0,71924201.0,,,,,,,,,,,,600
PUP,clingo-native,lc,double-160,160,UNKNOWN,300,1,0,0,0.0,299.99,109.55000000000001,190.44,7337.0,1875.0,907.0,6.0,108814613.0,4167146.0,398552.0,104543491.0,,,,,,,,,,,,600
PUP,clingo-native,lc,double-180,180,UNKNOWN,300,1,1,0,0.0,143.689,143.689,0.0,8204.0,0.0,0.0,0.0,0.0,5292656.0,0.0,0.0,,,,,,,,,,,,600
PUP,clingo-native,lc,double-200,200,UNKNOWN,300,1,1,0,0.0,189.177,189.177,0.0,8194.0,0.0,0.0,0.0,0.0,6552566.0,0.0,0.0,,,,,,,,,,,,600
PUP,clingo-prolog,ga,double-20,20,SATISFIABLE,0.99,0,0,0,1.0,0.913,0.893,0.02,116.0,39.0,0.0,0.0,341366.0,176248.0,6685.0,1009327.0,,,,,,,,,,,,0.99
PUP,clingo-prolog,ga,double-40,40,SATISFIABLE,5.57,0,0,0,1.0,5.34,5.24,0.1,534.0,65.0,0.0,0.0,2256566.0,776208.0,25785.0,5064087.0,,,,,,,,,,,,5.57
PUP,clingo-prolog,ga,double-60,60,SATISFIABLE,15.86,0,0,0,1.0,15.344,15.043999999999999,0.3,1373.0,119.0,0.0,0.0,7018966.0,1802568.0,57285.0,13162447.0,,,,,,,,,,,,15.86
PUP,clingo-prolog,ga,double-80,80,SATISFIABLE,34.05,0,0,0,1.0,33.148,32.478,0.67,2610.0,159.0,0.0,0.0,15900566.0,3255328.0,101185.0,26288407.0,,,,,,,,,,,,34.05
PUP,clingo-prolog,ga,double-100,100,SATISFIABLE,61.6,0,0,0,1.0,60.172,58.952,1.22,4483.0,199.0,0.0,0.0,30173366.0,5134488.0,157485.0,45425967.0,,,,,,,,,,,,61.6
PUP,clingo-prolog,ga,double-120,120,SATISFIABLE,104.15,0,0,0,1.0,101.983,99.923,2.06,7048.0,235.0,0.0,0.0,51109366.0,7440048.0,226185.0,71559127.0,,,,,,,,,,,,104.15
PUP,clingo-prolog,ga,double-140,140,UNKNOWN,300,1,1,0,0.0,139.188,139.188,0.0,8217.0,0.0,0.0,0.0,0.0,10172008.0,0.0,0.0,,,,,,,,,,,,600
PUP,clingo-prolog,ga,double-160,160,UNKNOWN,300,1,1,0,0.0,182.791,182.791,0.0,8194.0,0.0,0.0,0.0,0.0,12908198.0,0.0,0.0,,,,,,,,,,,,600
PUP,clingo-prolog,ga,double-180,180,UNKNOWN,300,1,1,0,0.0,184.182,184.182,0.0,8192.0,0.0,0.0,0.0,0.0,0.0,0.0,0.0,,,,,,,,,,,,600
PUP,clingo-prolog,ga,double-200,200,UNKNOWN,300,1,1,0,0.0,212.088,212.088,0.0,8193.0,0.0,0.0,0.0,0.0,0.0,0.0,0.0,,,,,,,,,,,,600
PUP,clingo-prolog,gc,double-20,20,SATISFIABLE,2.28,0,0,0,1.0,2.199,0.9589999999999999,1.24,120.0,1115.0,774.0,6.0,343253.0,175566.0,8618.0,1268207.0,,,,,,,,,,,,2.28
PUP,clingo-prolog,gc,double-40,40,SATISFIABLE,8.48,0,0,0,1.0,8.252,6.122000000000001,2.13,529.0,1346.0,643.0,5.0,2267383.0,778946.0,33278.0,6227547.0,,,,,,,,,,,,8.48
PUP,clingo-prolog,gc,double-60,60,SATISFIABLE,97.38,0,0,0,1.0,96.888,17.92800000000001,78.96,1326.0,268976.0,12220.0,58.0,7045513.0,1813126.0,73938.0,15880887.0,,,,,,,,,,,,97.38
PUP,clingo-prolog,gc,double-80,80,UNKNOWN,300,1,0,0,0.0,299.982,39.53200000000004,260.45,2473.0,47723.0,20901.0,79.0,15949643.0,3278106.0,130598.0,31212227.0,,,,,,,,,,,,600
PUP,clingo-prolog,gc,double-100,100,UNKNOWN,300,1,0,0,0.0,299.982,74.05200000000002,225.93,4098.0,29180.0,8998.0,38.0,30251773.0,5173886.0,203258.0,53205567.0,,,,,,,,,,,,600
PUP,clingo-prolog,gc,double-120,120,UNKNOWN,300,1,0,0,0.0,299.989,124.28899999999999,175.7,6421.0,253263.0,2843.0,14.0,51223903.0,7500466.0,291918.0,82844907.0,,,,,,,,,,,,600
PUP,clingo-prolog,gc,double-140,140,UNKNOWN,300,1,1,0,0.0,184.089,184.089,0.0,8198.0,0.0,0.0,0.0,0.0,10257846.0,0.0,0.0,,,,,,,,,,,,600
PUP,clingo-prolog,gc,double-160,160,UNKNOWN,300,1,1,0,0.0,259.689,259.689,0.0,8440.0,0.0,0.0,0.0,0.0,13446026.0,0.0,0.0,,,,,,,,,,,,600
PUP,clingo-prolog,gc,double-180,180,UNKNOWN,300,1,0,0,0.0,299.99,299.99,0.0,6385.0,0.0,0.0,0.0,0.0,0.0,0.0,0.0,,,,,,,,,,,,600
PUP,clingo-prolog,gc,double-200,200,UNKNOWN,300,1,0,0,0.0,299.983,299.983,0.0,5998.0,0.0,0.0,0.0,0.0,0.0,0.0,0.0,,,,,,,,,,,,600
PUP,clingo-prolog,gc_noheur,double-20,20,SATISFIABLE,0.22,0,0,0,1.0,0.161,0.14100000000000001,0.02,21.0,266.0,177.0,1.0,161018.0,5298.0,4886.0,128657.0,,,,,,,,,,,,0.22
PUP,clingo-prolog,gc_noheur,double-40,40,SATISFIABLE,4.63,0,0,0,1.0,4.565,1.1550000000000002,3.41,95.0,11659.0,7035.0,30.0,1475058.0,22548.0,19766.0,1160787.0,,,,,,,,,,,,4.63
PUP,clingo-prolog,gc_noheur,double-60,60,SATISFIABLE,10.59,0,0,0,1.0,10.498,4.087999999999999,6.41,295.0,109652.0,6556.0,29.0,5213498.0,51798.0,44646.0,4080117.0,,,,,,,,,,,,10.59
PUP,clingo-prolog,gc_noheur,double-80,80,SATISFIABLE,124.04,0,0,0,1.0,123.929,10.448999999999998,113.48,698.0,546549.0,25825.0,91.0,12648338.0,93048.0,79526.0,9870647.0,,,,,,,,,,,,124.04
PUP,clingo-prolog,gc_noheur,double-100,100,UNKNOWN,300,1,0,0,0.0,299.968,21.057999999999993,278.91,1408.0,1556078.0,42259.0,126.0,25051578.0,146298.0,124406.0,19516377.0,,,,,,,,,,,,600
PUP,clingo-prolog,gc_noheur,double-120,120,UNKNOWN,300,1,0,0,0.0,299.991,36.81099999999998,263.18,2324.0,1045519.0,21376.0,62.0,43695218.0,211548.0,179286.0,34001307.0,,,,,,,,,,,,600
PUP,clingo-prolog,gc_noheur,double-140,140,UNKNOWN,300,1,0,0,0.0,299.989,60.468999999999966,239.52,3496.0,590771.0,9765.0,40.0,69851258.0,288798.0,244166.0,54309437.0,,,,,,,,,,,,600
PUP,clingo-prolog,gc_noheur,double-160,160,UNKNOWN,300,1,0,0,0.0,299.992,93.48200000000003,206.51,5372.0,392432.0,5874.0,28.0,104791698.0,378048.0,319046.0,81424767.0,,,,,,,,,,,,600
PUP,clingo-prolog,gc_noheur,double-180,180,UNKNOWN,300,1,0,0,0.0,299.916,133.786,166.13,7657.0,200796.0,3967.0,21.0,149788538.0,479298.0,403926.0,116331297.0,,,,,,,,,,,,600
PUP,clingo-prolog,gc_noheur,double-200,200,UNKNOWN,300,1,1,0,0.0,171.785,171.785,0.0,8198.0,0.0,0.0,0.0,0.0,592548.0,0.0,0.0,,,,,,,,,,,,600
PUP,clingo-prolog,la,double-20,20,SATISFIABLE,0.46,0,0,0,1.0,0.411,0.381,0.03,49.0,26.0,4.0,0.0,214636.0,51757.0,5216.0,410496.0,26.0,active,5.03846,7.0,131.0,5.25084,4.6373,0.110377,0.010645,0.024586,26.5626,0.46
PUP,clingo-prolog,la,double-40,40,SATISFIABLE,2.76,0,0,0,1.0,2.658,2.4779999999999998,0.18,212.0,47.0,9.0,0.0,1706736.0,236447.0,20436.0,2462226.0,47.0,active,5.12766,7.0,241.0,18.9636,17.7491,0.228779,0.022006,0.058724,134.285,2.76
PUP,clingo-prolog,la,double-60,60,SATISFIABLE,7.66,0,0,0,1.0,7.498,6.958,0.54,560.0,75.0,18.0,0.0,5748036.0,555537.0,45656.0,7147556.0,75.0,active,5.13333,7.0,385.0,57.7256,55.5991,0.382024,0.042361,0.10422,382.108,7.66
PUP,clingo-prolog,la,double-80,80,SATISFIABLE,17.09,0,0,0,1.0,16.811,15.561,1.25,1169.0,92.0,20.0,0.0,13610536.0,1009027.0,80876.0,15450486.0,92.0,active,5.23913,7.0,482.0,110.296,107.279,0.557579,0.066278,0.155403,908.614,17.09
PUP,clingo-prolog,la,double-100,100,SATISFIABLE,32.33,0,0,0,1.0,31.877,29.357,2.52,2076.0,117.0,23.0,0.0,26566236.0,1596917.0,126096.0,28355016.0,117.0,active,5.24786,7.0,614.0,208.605,204.383,0.818445,0.099131,0.258836,1861.4,32.33
PUP,clingo-prolog,la,double-120,120,SATISFIABLE,54.81,0,0,0,1.0,54.108,49.638,4.47,3412.0,150.0,27.0,0.0,45887136.0,2319207.0,181316.0,46845146.0,150.0,active,5.28,7.0,792.0,389.626,383.822,1.13754,0.134682,0.348059,3237.39,54.81
PUP,clingo-prolog,la,double-140,140,SATISFIABLE,85.63,0,0,0,1.0,84.638,77.44800000000001,7.19,4923.0,176.0,35.0,0.0,72845236.0,3175897.0,246536.0,71904876.0,176.0,active,5.25568,7.0,925.0,604.645,597.734,1.40968,0.161451,0.444359,5181.35,85.63
PUP,clingo-prolog,la,double-160,160,SATISFIABLE,127.33,0,0,0,1.0,126.023,114.893,11.13,7261.0,197.0,41.0,0.0,108712536.0,4166987.0,321756.0,104518206.0,197.0,active,5.26396,7.0,1037.0,754.17,746.508,1.49926,0.188206,0.479971,8383.94,127.33
PUP,clingo-prolog,la,double-180,180,UNKNOWN,300,1,1,0,0.0,144.286,144.286,0.0,8219.0,0.0,0.0,0.0,0.0,5292477.0,0.0,0.0,,inactive,,,,,,,,,,600
PUP,clingo-prolog,la,double-200,200,UNKNOWN,300,1,1,0,0.0,183.49,183.49,0.0,8387.0,0.0,0.0,0.0,0.0,6552367.0,0.0,0.0,,inactive,,,,,,,,,,600
PUP,clingo-prolog,lc,double-20,20,SATISFIABLE,0.68,0,0,0,1.0,0.632,0.372,0.26,49.0,190.0,124.0,1.0,214636.0,51757.0,5216.0,410496.0,190.0,active,0.0,0.0,0.0,12.8624,9.37331,0.0034,0.0,0.0,203.608,0.68
PUP,clingo-prolog,lc,double-40,40,SATISFIABLE,103.11,0,0,0,1.0,103.039,2.399000000000001,100.64,213.0,25197.0,15236.0,62.0,1706736.0,236447.0,20436.0,2462226.0,25197.0,active,0.0,0.0,0.0,3766.4,3233.04,0.515592,0.0,0.0,74210.2,103.11
PUP,clingo-prolog,lc,double-60,60,UNKNOWN,300,1,0,0,0.0,299.986,6.925999999999988,293.06,558.0,37604.0,19995.0,81.0,5748036.0,555537.0,45656.0,7147556.0,,inactive,,,,,,,,,,600
PUP,clingo-prolog,lc,double-80,80,UNKNOWN,300,1,0,0,0.0,299.982,15.462000000000046,284.52,1169.0,214259.0,8174.0,31.0,13610536.0,1009027.0,80876.0,15450486.0,,inactive,,,,,,,,,,600
PUP,clingo-prolog,lc,double-100,100,UNKNOWN,300,1,0,0,0.0,299.981,29.101,270.88,2080.0,206438.0,5722.0,29.0,26566236.0,1596917.0,126096.0,28355016.0,,inactive,,,,,,,,,,600
PUP,clingo-prolog,lc,double-120,120,UNKNOWN,300,1,0,0,0.0,299.985,49.97500000000002,250.01,3413.0,119372.0,2606.0,14.0,45887136.0,2319207.0,181316.0,46845146.0,,inactive,,,,,,,,,,600
PUP,clingo-prolog,lc,double-140,140,UNKNOWN,300,1,0,0,0.0,299.991,77.43099999999998,222.56,4925.0,91199.0,2087.0,12.0,72845236.0,3175897.0,246536.0,71904876.0,,inactive,,,,,,,,,,600
PUP,clingo-prolog,lc,double-160,160,UNKNOWN,300,1,0,0,0.0,299.984,114.95399999999998,185.03,7262.0,3870.0,636.0,3.0,108712536.0,4166987.0,321756.0,104518206.0,,inactive,,,,,,,,,,600
PUP,clingo-prolog,lc,double-180,180,UNKNOWN,300,1,1,0,0.0,140.489,140.489,0.0,8217.0,0.0,0.0,0.0,0.0,5292477.0,0.0,0.0,,inactive,,,,,,,,,,600
PUP,clingo-prolog,lc,double-200,200,UNKNOWN,300,1,1,0,0.0,184.178,184.178,0.0,8403.0,0.0,0.0,0.0,0.0,6552367.0,0.0,0.0,,inactive,,,,,,,,,,600
